,id,WKT,codigo_refes,nombre,telefono,jefe,area_progr,codigo_refes_htal_area,region_san,especialidad_norm,especialidad_norm_2,calle,altura,calle2,direccion_,barrio,comuna,observacio,nom_ante,nom_1,nom_2,OBJETO,VIH,VACUNAT_,SERVICIOS_,EFE_SALUD,especialidad_norm_lista,anatomia_patologica,psiquiatria_infanto_juvenil,geriatria,cardiologia,psicopedagogia,sin_datos,fonoaudiologia,odontologia_infantil,diagnostico_por_imagenes,psicologia_infantil,obstetricia,veterinaria,traumatologia,promocion,servicio_social,clinica_medica,kinesiologia,dermatologia,psiquiatria,tocoginecologia,diabetologia,pediatria,neurologia,odontologia,psicologia,terapia_ocupacional,nutricion,enfermeria,adolescencia,farmacia,salud_escolar,medicina_general,cantidad_prestaciones
0,17,POINT (-58.4917855634719 -34.6218240197832),50020012115369,Centro de Salud Nivel 1 Floresta (CeSAC N° 36),4567-1891,DRA. NORA MARCELA LEMA,VELEZ SARSFIELD,10020012215214,III,"'clinica_medica','enfermeria','farmacia','fonoaudiologia','tocoginecologia','medicina_general','diagnostico_por_imagenes','nutricion','obstetricia','odontologia','pediatria','psicopedagogia','psicologia','servicio_social'","clinica_medica,enfermeria,farmacia,fonoaudiologia,tocoginecologia,medicina_general,diagnostico_por_imagenes,nutricion,obstetricia,odontologia,pediatria,psicopedagogia,psicologia,servicio_social",MERCEDES,1371.0,,MERCEDES 1371,FLORESTA,10.0,Más información en: http://www.buenosaires.gob.ar/salud/centro-de-salud-floresta,CeSAC N° 36,Centro de Salud Nivel 1 Floresta,(CeSAC N° 36),CENTRO DE SALUD NIVEL 1,NO,SI,SI,SI,"['clinica_medica,enfermeria,farmacia,fonoaudiologia,tocoginecologia,medicina_general,diagnostico_por_imagenes,nutricion,obstetricia,odontologia,pediatria,psicopedagogia,psicologia,servicio_social']",False,False,False,False,True,False,True,False,True,False,True,False,False,False,True,True,False,False,False,True,False,True,False,True,True,False,True,True,False,True,False,True,0
1,31,POINT (-58.4416171402094 -34.586372671781),50020012115367,Centro de Salud Nivel 1 Palermo 3 (CeSAC N° 33),5197-5078 / 5079,DR. Martín Behrens,TORNU,10020012215210,III,"'clinica_medica','diagnostico_por_imagenes','fonoaudiologia','nutricion','odontologia','pediatria','psicologia','psiquiatria','servicio_social','tocoginecologia'","clinica_medica,diagnostico_por_imagenes,fonoaudiologia,nutricion,odontologia,pediatria,psicologia,psiquiatria,servicio_social,tocoginecologia",CORDOBA,5741.0,,CORDOBA AV. 5741,PALERMO,14.0,Más información en: http://www.buenosaires.gob.ar/salud/centro-de-salud-palermos-3,CeSAC N° 33,Centro de Salud Nivel 1 Palermo 3,(CeSAC N° 33),CENTRO DE SALUD NIVEL 1,SI,SI,SI,SI,"['clinica_medica,diagnostico_por_imagenes,fonoaudiologia,nutricion,odontologia,pediatria,psicologia,psiquiatria,servicio_social,tocoginecologia']",False,False,False,False,False,False,True,False,True,False,False,False,False,False,True,True,False,False,True,True,False,True,False,True,True,False,True,False,False,False,False,False,0
2,15,POINT (-58.506666870176 -34.6558544179635),50020012115373,Centro de Salud Nivel 1 Mataderos 1 (CeSAC N° 4),4686-6660,DRA. INES VITALI,SANTOJANNI,10020012215215,II,"'farmacia','fonoaudiologia','tocoginecologia','medicina_general','clinica_medica','nutricion','obstetricia','odontologia','pediatria','psicopedagogia','psicologia','servicio_social'","farmacia,fonoaudiologia,tocoginecologia,medicina_general,clinica_medica,nutricion,obstetricia,odontologia,pediatria,psicopedagogia,psicologia,servicio_social",ALBERDI JUAN BAUTISTA AV,0.0,PILAR,"ALBERDI, JUAN BAUTISTA AV. y PILAR",MATADEROS,9.0,Más información en: http://www.buenosaires.gob.ar/salud/centro-de-salud-mataderos-1,CeSAC N° 4,Centro de Salud Nivel 1 Mataderos 1,(CeSAC N° 4),CENTRO DE SALUD NIVEL 1,NO,NO,SI,NO,"['farmacia,fonoaudiologia,tocoginecologia,medicina_general,clinica_medica,nutricion,obstetricia,odontologia,pediatria,psicopedagogia,psicologia,servicio_social']",False,False,False,False,True,False,True,False,False,False,True,False,False,False,True,True,False,False,False,True,False,True,False,True,True,False,True,False,False,True,False,True,0
3,39,POINT (-58.4951281130031 -34.6704648839264),50020012115376,Centro de Salud Nivel 1 Villa Lugano 1 (CeSAC N° 5),4686-4799 / 4687-1672,MARCELA PELLIZA,SANTOJANNI,10020012215215,II,"'anatomia_patologica','promocion','clinica_medica','diagnostico_por_imagenes','farmacia','medicina_general','nutricion','obstetricia','odontologia','pediatria','psicologia','psicopedagogia','tocoginecologia','servicio_social'","anatomia_patologica,promocion,clinica_medica,diagnostico_por_imagenes,farmacia,medicina_general,nutricion,obstetricia,odontologia,pediatria,psicologia,psicopedagogia,tocoginecologia,servicio_social",PIEDRA BUENA AV,3140.0,,PIEDRA BUENA AV. 3140,VILLA LUGANO,8.0,Más información en: http://www.buenosaires.gob.ar/salud/centro-de-salud-villa-lugano-1,CeSAC N° 5,Centro de Salud Nivel 1 Villa Lugano 1,(CeSAC N° 5),CENTRO DE SALUD NIVEL 1,SI,SI,SI,SI,"['anatomia_patologica,promocion,clinica_medica,diagnostico_por_imagenes,farmacia,medicina_general,nutricion,obstetricia,odontologia,pediatria,psicologia,psicopedagogia,tocoginecologia,servicio_social']",True,False,False,False,True,False,False,False,True,False,True,False,False,True,True,True,False,False,False,True,False,True,False,True,True,False,True,False,False,True,False,True,0
4,35,POINT (-58.4919014134967 -34.6788260157001),50020012115378,Centro de Salud Nivel 1 Villa Lugano 2 (CeSAC N° 7),4602-5161 / 4601-2819,DR. GUILLERMO FERNÁNDEZ,SANTOJANNI,10020012215215,II,"'clinica_medica','farmacia','fonoaudiologia','medicina_general','nutricion','obstetricia','odontologia','pediatria','psicologia','servicio_social','tocoginecologia'","clinica_medica,farmacia,fonoaudiologia,medicina_general,nutricion,obstetricia,odontologia,pediatria,psicologia,servicio_social,tocoginecologia",2 DE ABRIL DE 1982,0.0,MONTIEL,2 DE ABRIL DE 1982 y MONTIEL,VILLA LUGANO,8.0,Más información en: http://www.buenosaires.gob.ar/salud/centro-de-salud-villa-lugano-2,CeSAC N° 7,Centro de Salud Nivel 1 Villa Lugano 2,(CeSAC N° 7),CENTRO DE SALUD NIVEL 1,SI,SI,SI,SI,"['clinica_medica,farmacia,fonoaudiologia,medicina_general,nutricion,obstetricia,odontologia,pediatria,psicologia,servicio_social,tocoginecologia']",False,False,False,False,False,False,True,False,False,False,True,False,False,False,True,True,False,False,False,True,False,True,False,True,True,False,True,False,False,True,False,True,0
5,16,POINT (-58.4862539211184 -34.6730863518859),50020012115361,Centro de Salud Nivel 1 Villa Lugano 10 (CeSAC N° 28),4605-2148 // 2821-3628,DRA. ELDA PONTE,SANTOJANNI,10020012215215,II,"'fonoaudiologia','odontologia','pediatria','psicologia','psicopedagogia','promocion'","fonoaudiologia,odontologia,pediatria,psicologia,psicopedagogia,promocion",Santander,5955.0,,SANTANDER 5955,VILLA LUGANO,8.0,Más información en: http://www.buenosaires.gob.ar/salud/centro-de-salud-villa-lugano-8,CeSAC N° 28,Centro de Salud Nivel 1 Villa Lugano 10,(CeSAC N° 28),CENTRO DE SALUD NIVEL 1,NO,NO,SI,SI,"['fonoaudiologia,odontologia,pediatria,psicologia,psicopedagogia,promocion']",False,False,False,False,True,False,True,False,False,False,False,False,False,True,False,False,False,False,False,False,False,True,False,True,True,False,False,False,False,False,False,False,0
6,29,POINT (-58.4866078286625 -34.6846131572289),50020012115362,Centro de Salud Nivel 1 Villa Lugano 5 (CeSAC N° 29),4601-7973,DR. ANTONIO ZITO,SANTOJANNI,10020012215215,II,"'fonoaudiologia','medicina_general','nutricion','obstetricia','odontologia','pediatria','psicologia_infantil','psicologia','tocoginecologia','servicio_social'","fonoaudiologia,medicina_general,nutricion,obstetricia,odontologia,pediatria,psicologia_infantil,psicologia,tocoginecologia,servicio_social",DELLEPIANE LUIS TTE GRAL,6999.0,,"DELLEPIANE, LUIS, TTE. GRAL. 6999",VILLA LUGANO,8.0,Más información en: http://www.buenosaires.gob.ar/salud/centro-de-salud-villa-lugano-5,CeSAC N° 29,Centro de Salud Nivel 1 Villa Lugano 5,(CeSAC N° 29),CENTRO DE SALUD NIVEL 1,SI,SI,SI,SI,"['fonoaudiologia,medicina_general,nutricion,obstetricia,odontologia,pediatria,psicologia_infantil,psicologia,tocoginecologia,servicio_social']",False,False,False,False,False,False,True,False,False,True,True,False,False,False,True,False,False,False,False,True,False,True,False,True,True,False,True,False,False,False,False,True,0
7,33,POINT (-58.5041772100178 -34.6656785208087),50020012115370,Centro de Salud Nivel 1 Mataderos 2 (CeSAC N° 37),4687-2657,DR. VICTOR RESNICK,SANTOJANNI,10020012215215,II,"'clinica_medica','fonoaudiologia','medicina_general','nutricion','pediatria','psicologia','psicopedagogia'","clinica_medica,fonoaudiologia,medicina_general,nutricion,pediatria,psicologia,psicopedagogia",DE LOS CORRALES,6999.0,,"DE LOS CORRALES AV. 6999, CABA",MATADEROS,9.0,Más información en: http://www.buenosaires.gob.ar/salud/centro-de-salud-mataderos-2,CeSAC N° 37,Centro de Salud Nivel 1 Mataderos 2,(CeSAC N° 37),CENTRO DE SALUD NIVEL 1,SI,NO,SI,SI,"['clinica_medica,fonoaudiologia,medicina_general,nutricion,pediatria,psicologia,psicopedagogia']",False,False,False,False,True,False,True,False,False,False,False,False,False,False,False,True,False,False,False,False,False,True,False,False,True,False,True,False,False,False,False,True,0
8,13,POINT (-58.4106879908784 -34.5988478008354),50020012115345,Centro de Salud Nivel 1 Balvanera (CeSAC N° 11),4864-1446,DR. ALEJANDRO COCO,RAMOS MEJIA,10020012215211,I,"'clinica_medica','enfermeria','farmacia','fonoaudiologia','tocoginecologia','kinesiologia','nutricion','obstetricia','odontologia','pediatria','psicologia','psicopedagogia','servicio_social'","clinica_medica,enfermeria,farmacia,fonoaudiologia,tocoginecologia,kinesiologia,nutricion,obstetricia,odontologia,pediatria,psicologia,psicopedagogia,servicio_social",AGUERO,940.0,,AGUERO 940,BALVANERA,3.0,Más información en: http://www.buenosaires.gob.ar/salud/centro-de-salud-balvanera,CeSAC N° 11,Centro de Salud Nivel 1 Balvanera,(CeSAC N° 11),CENTRO DE SALUD NIVEL 1,NO,NO,SI,SI,"['clinica_medica,enfermeria,farmacia,fonoaudiologia,tocoginecologia,kinesiologia,nutricion,obstetricia,odontologia,pediatria,psicologia,psicopedagogia,servicio_social']",False,False,False,False,True,False,True,False,False,False,True,False,False,False,True,True,True,False,False,True,False,True,False,True,True,False,True,True,False,True,False,False,0
9,38,POINT (-58.4022498496125 -34.6253913497638),50020012117480,Centro de Salud Nivel 1 San Cristóbal (CeSAC N° 45),4941-0969/ 0826/ 1987,DRA. Natalia Zampichiati,RAMOS MEJIA,10020012215211,I,"'enfermeria','farmacia','fonoaudiologia','tocoginecologia','kinesiologia','medicina_general','nutricion','pediatria','psicologia','psiquiatria','servicio_social'","enfermeria,farmacia,fonoaudiologia,tocoginecologia,kinesiologia,medicina_general,nutricion,pediatria,psicologia,psiquiatria,servicio_social",COCHABAMBA,2622.0,,COCHABAMBA 2622,SAN CRISTOBAL,3.0,Más información en: http://www.buenosaires.gob.ar/salud/centro-de-salud-san-cristobal,CeSAC N° 45,Centro de Salud Nivel 1 San Cristóbal,(CeSAC N° 45),CENTRO DE SALUD NIVEL 1,NO,SI,SI,SI,"['enfermeria,farmacia,fonoaudiologia,tocoginecologia,kinesiologia,medicina_general,nutricion,pediatria,psicologia,psiquiatria,servicio_social']",False,False,False,False,False,False,True,False,False,False,False,False,False,False,True,False,True,False,True,True,False,True,False,False,True,False,True,True,False,True,False,True,0
10,11,POINT (-58.5095049729635 -34.5765506369991),50020012115353,Centro de Salud Nivel 1 Villa Pueyrredón (CeSAC N° 2),4572-9520/6798/3581,DR. FRANCISCO AGOSTA,PIROVANO,10020012215219,IV,"'clinica_medica','enfermeria','farmacia','obstetricia','odontologia','pediatria','psicologia','psiquiatria','tocoginecologia','nutricion','fonoaudiologia'","clinica_medica,enfermeria,farmacia,obstetricia,odontologia,pediatria,psicologia,psiquiatria,tocoginecologia,nutricion,fonoaudiologia",TERRADA,5850.0,,TERRADA 5850,VILLA PUEYRREDON,12.0,Más información en: http://www.buenosaires.gob.ar/salud/centro-de-salud-villa-pueyrredon,CeSAC N° 2,Centro de Salud Nivel 1 Villa Pueyrredón,(CeSAC N° 2),CENTRO DE SALUD NIVEL 1,SI,NO,SI,SI,"['clinica_medica,enfermeria,farmacia,obstetricia,odontologia,pediatria,psicologia,psiquiatria,tocoginecologia,nutricion,fonoaudiologia']",False,False,False,False,False,False,True,False,False,False,True,False,False,False,False,True,False,False,True,True,False,True,False,True,True,False,True,True,False,True,False,False,0
11,12,POINT (-58.474181498577 -34.5698990652546),50020012115346,Centro de Salud Nivel 1 Villa Urquiza (CeSAC N° 12),4543-2494,DRA. KARINA IZA,PIROVANO,10020012215219,IV,"'clinica_medica','enfermeria','promocion','farmacia','fonoaudiologia','tocoginecologia','medicina_general','nutricion','obstetricia','odontologia','odontologia_infantil','pediatria','psicologia','psicopedagogia'","clinica_medica,enfermeria,promocion,farmacia,fonoaudiologia,tocoginecologia,medicina_general,nutricion,obstetricia,odontologia,odontologia_infantil,pediatria,psicologia,psicopedagogia",OLAZABAL,3960.0,,OLAZABAL AV. 3960,VILLA URQUIZA,12.0,Más información en: http://www.buenosaires.gob.ar/salud/centro-de-salud-villa-urquiza,CeSAC N° 12,Centro de Salud Nivel 1 Villa Urquiza,(CeSAC N° 12),CENTRO DE SALUD NIVEL 1,NO,NO,SI,SI,"['clinica_medica,enfermeria,promocion,farmacia,fonoaudiologia,tocoginecologia,medicina_general,nutricion,obstetricia,odontologia,odontologia_infantil,pediatria,psicologia,psicopedagogia']",False,False,False,False,True,False,True,True,False,False,True,False,False,True,False,True,False,False,False,True,False,True,False,True,True,False,True,True,False,True,False,True,0
12,28,POINT (-58.4868366150183 -34.5476471799327),50020012115360,Centro de Salud Nivel 1 Saavedra (CeSAC N° 27),4543-2998,JUAN PABLO GONZÁLEZ,PIROVANO,10020012215219,IV,"'clinica_medica','enfermeria','farmacia','fonoaudiologia','psiquiatria','nutricion','obstetricia','odontologia','pediatria','psicologia','psicopedagogia','tocoginecologia','servicio_social'","clinica_medica,enfermeria,farmacia,fonoaudiologia,psiquiatria,nutricion,obstetricia,odontologia,pediatria,psicologia,psicopedagogia,tocoginecologia,servicio_social",ARIAS,3783.0,,ARIAS 3783,SAAVEDRA,12.0,Más información en: http://www.buenosaires.gob.ar/salud/centro-de-salud-saavedra,CeSAC N° 27,Centro de Salud Nivel 1 Saavedra,(CeSAC N° 27),CENTRO DE SALUD NIVEL 1,NO,NO,SI,SI,"['clinica_medica,enfermeria,farmacia,fonoaudiologia,psiquiatria,nutricion,obstetricia,odontologia,pediatria,psicologia,psicopedagogia,tocoginecologia,servicio_social']",False,False,False,False,True,False,True,False,False,False,True,False,False,False,True,True,False,False,True,True,False,True,False,True,True,False,True,True,False,True,False,False,0
13,34,POINT (-58.4414431975767 -34.666772988707),50020012115377,Centro de Salud Nivel 1 Villa Soldati 1 (CeSAC N° 6),4918-4879,DR. GUILLERMO MORIS,PIÑERO,10020012215212,II,"'clinica_medica','enfermeria','farmacia','fonoaudiologia','medicina_general','nutricion','obstetricia','odontologia','pediatria','psicologia','psicopedagogia','salud_escolar','tocoginecologia','servicio_social'","clinica_medica,enfermeria,farmacia,fonoaudiologia,medicina_general,nutricion,obstetricia,odontologia,pediatria,psicologia,psicopedagogia,salud_escolar,tocoginecologia,servicio_social",ACOSTA MARIANO,3673.0,AV INTENDENTE RABANAL FRANCISCO (EX ROCA CNEL),"ACOSTA, MARIANO 3673",VILLA SOLDATI,8.0,Más información en: http://www.buenosaires.gob.ar/salud/centro-de-salud-villa-soldati,CeSAC N° 6,Centro de Salud Nivel 1 Villa Soldati 1,(CeSAC N° 6),CENTRO DE SALUD NIVEL 1,NO,SI,SI,SI,"['clinica_medica,enfermeria,farmacia,fonoaudiologia,medicina_general,nutricion,obstetricia,odontologia,pediatria,psicologia,psicopedagogia,salud_escolar,tocoginecologia,servicio_social']",False,False,False,False,True,False,True,False,False,False,True,False,False,False,True,True,False,False,False,True,False,True,False,True,True,False,True,True,False,True,True,True,0
14,8,POINT (-58.4820257415498 -34.6434732568432),50020012115347,Centro de Salud Nivel 1 Parque Avellaneda (CeSAC N° 13),4671-5693,DRA. CECILIA FIGUEROA,PIÑERO,10020012215212,II,"'clinica_medica','farmacia','fonoaudiologia','enfermeria','nutricion','obstetricia','odontologia','pediatria','psicologia','psicopedagogia','psiquiatria','tocoginecologia','servicio_social','salud_escolar'","clinica_medica,farmacia,fonoaudiologia,enfermeria,nutricion,obstetricia,odontologia,pediatria,psicologia,psicopedagogia,psiquiatria,tocoginecologia,servicio_social,salud_escolar",DIRECTORIO AV,4210.0,,DIRECTORIO AV. 4210,PARQUE AVELLANEDA,9.0,Más información en: http://www.buenosaires.gob.ar/salud/centro-de-salud-parque-avellaneda,CeSAC N° 13,Centro de Salud Nivel 1 Parque Avellaneda,(CeSAC N° 13),CENTRO DE SALUD NIVEL 1,SI,NO,SI,SI,"['clinica_medica,farmacia,fonoaudiologia,enfermeria,nutricion,obstetricia,odontologia,pediatria,psicologia,psicopedagogia,psiquiatria,tocoginecologia,servicio_social,salud_escolar']",False,False,False,False,True,False,True,False,False,False,True,False,False,False,True,True,False,False,True,True,False,True,False,True,True,False,True,True,False,True,True,False,0
15,9,POINT (-58.4742515422757 -34.6603247715799),50020012115348,Centro de Salud Nivel 1 Villa Lugano 3 (CeSAC N° 14),4602-6527/5928,DRA. MARIA R. MORALES,PIÑERO,10020012215212,II,"'clinica_medica','enfermeria','farmacia','obstetricia','odontologia','pediatria','psicologia','psiquiatria','servicio_social','tocoginecologia'","clinica_medica,enfermeria,farmacia,obstetricia,odontologia,pediatria,psicologia,psiquiatria,servicio_social,tocoginecologia",CASCO HORACIO Dr,4446.0,,"CASCO, HORACIO, Dr. 4446",PARQUE AVELLANEDA,9.0,Más información en: http://www.buenosaires.gob.ar/salud/centro-de-salud-villa-lugano-3,CeSAC N° 14,Centro de Salud Nivel 1 Villa Lugano 3,(CeSAC N° 14),CENTRO DE SALUD NIVEL 1,NO,NO,SI,SI,"['clinica_medica,enfermeria,farmacia,obstetricia,odontologia,pediatria,psicologia,psiquiatria,servicio_social,tocoginecologia']",False,False,False,False,False,False,False,False,False,False,True,False,False,False,True,True,False,False,True,True,False,True,False,True,True,False,False,True,False,True,False,False,0
16,21,POINT (-58.4422200608607 -34.6432084465955),50020012115352,Centro de Salud Nivel 1 Flores 1 (CeSAC N° 19),4925-0992,DRA. MIRIAM DUQUE,PIÑERO,10020012215212,II,"'enfermeria','farmacia','fonoaudiologia','medicina_general','nutricion','obstetricia','odontologia','pediatria','psicologia','psicopedagogia','psiquiatria','psiquiatria_infanto_juvenil','terapia_ocupacional','tocoginecologia','servicio_social'","enfermeria,farmacia,fonoaudiologia,medicina_general,nutricion,obstetricia,odontologia,pediatria,psicologia,psicopedagogia,psiquiatria,psiquiatria_infanto_juvenil,terapia_ocupacional,tocoginecologia,servicio_social",CURAPALIGUE,1905.0,,CURAPALIGUE 1905,FLORES,7.0,Más información en: http://www.buenosaires.gob.ar/salud/centro-de-salud-flores-1,CeSAC N° 19,Centro de Salud Nivel 1 Flores 1,(CeSAC N° 19),CENTRO DE SALUD NIVEL 1,SI,SI,SI,SI,"['enfermeria,farmacia,fonoaudiologia,medicina_general,nutricion,obstetricia,odontologia,pediatria,psicologia,psicopedagogia,psiquiatria,psiquiatria_infanto_juvenil,terapia_ocupacional,tocoginecologia,servicio_social']",False,True,False,False,True,False,True,False,False,False,True,False,False,False,True,False,False,False,True,True,False,True,False,True,True,True,True,True,False,True,False,True,0
17,22,POINT (-58.4382499387021 -34.6495106100069),50020012115354,Centro de Salud Nivel 1 Flores 2 (CeSAC N° 20),4919-2144,DR. ALDO PAGLIARI,PIÑERO,10020012215212,II,"'promocion','enfermeria','farmacia','tocoginecologia','medicina_general','nutricion','obstetricia','odontologia','pediatria','psicologia','psicopedagogia','servicio_social'","promocion,enfermeria,farmacia,tocoginecologia,medicina_general,nutricion,obstetricia,odontologia,pediatria,psicologia,psicopedagogia,servicio_social",JANER ANA MARIA,0.0,CHARRUA,"JANER, ANA MARIA y CHARRUA",FLORES,7.0,Más información en: http://www.buenosaires.gob.ar/salud/centro-de-salud-flores-2,CeSAC N° 20,Centro de Salud Nivel 1 Flores 2,(CeSAC N° 20),CENTRO DE SALUD NIVEL 1,SI,SI,SI,SI,"['promocion,enfermeria,farmacia,tocoginecologia,medicina_general,nutricion,obstetricia,odontologia,pediatria,psicologia,psicopedagogia,servicio_social']",False,False,False,False,True,False,False,False,False,False,True,False,False,True,True,False,False,False,False,True,False,True,False,True,True,False,True,True,False,True,False,True,0
18,23,POINT (-58.4553947529294 -34.6578370795334),50020012115358,Centro de Salud Nivel 1 Villa Soldati 2 (CeSAC N° 24),4637-2002,DRA. MARCELA CORIN,PIÑERO,10020012215212,II,"'promocion','enfermeria','farmacia','fonoaudiologia','tocoginecologia','kinesiologia','psicopedagogia','medicina_general','nutricion','obstetricia','odontologia','odontologia_infantil','pediatria','psicologia','psiquiatria_infanto_juvenil','terapia_ocupacional'","promocion,enfermeria,farmacia,fonoaudiologia,tocoginecologia,kinesiologia,psicopedagogia,medicina_general,nutricion,obstetricia,odontologia,odontologia_infantil,pediatria,psicologia,psiquiatria_infanto_juvenil,terapia_ocupacional",MARTINEZ CASTRO,0.0,PASAJE L,"MARTINEZ CASTRO y PASAJE L, CABA",VILLA SOLDATI,8.0,Más información en: http://www.buenosaires.gob.ar/salud/centro-de-salud-ramon-carrillo,CeSAC N° 24,Centro de Salud Nivel 1 Villa Soldati 2,(CeSAC N° 24),CENTRO DE SALUD NIVEL 1,SI,SI,SI,SI,"['promocion,enfermeria,farmacia,fonoaudiologia,tocoginecologia,kinesiologia,psicopedagogia,medicina_general,nutricion,obstetricia,odontologia,odontologia_infantil,pediatria,psicologia,psiquiatria_infanto_juvenil,terapia_ocupacional']",False,True,False,False,True,False,True,True,False,False,True,False,False,True,False,False,True,False,True,True,False,True,False,True,True,True,True,True,False,True,False,True,0
19,18,POINT (-58.434503665518 -34.6466737202775),50020012115365,Centro de Salud Nivel 1 Flores 3 (CeSAC N° 31),4919-3994,WALTER FELER,PIÑERO,10020012215212,II,"'clinica_medica','enfermeria','farmacia','medicina_general','nutricion','obstetricia','odontologia','pediatria','psicologia','psicopedagogia','tocoginecologia','servicio_social'","clinica_medica,enfermeria,farmacia,medicina_general,nutricion,obstetricia,odontologia,pediatria,psicologia,psicopedagogia,tocoginecologia,servicio_social",JANER ANA MARIA,0.0,VEDIA AGUSTIN DE,"JANER, ANA MARIA y VEDIA, AGUSTIN DE, CABA",NUEVA POMPEYA,7.0,Más información en: http://www.buenosaires.gob.ar/salud/centro-de-salud-flores-3,CeSAC N° 31,Centro de Salud Nivel 1 Flores 3,(CeSAC N° 31),CENTRO DE SALUD NIVEL 1,NO,NO,SI,SI,"['clinica_medica,enfermeria,farmacia,medicina_general,nutricion,obstetricia,odontologia,pediatria,psicologia,psicopedagogia,tocoginecologia,servicio_social']",False,False,False,False,True,False,False,False,False,False,True,False,False,False,True,True,False,False,False,True,False,True,False,True,True,False,True,True,False,True,False,True,0
20,10,POINT (-58.4458597861216 -34.6449083981669),50020012115374,Centro de Salud Nivel 1 Flores 4 (CeSAC N° 40),4631-4554,DRA. CRISTINA CALDUMBIDE,PIÑERO,10020012215212,II,"'enfermeria','farmacia','fonoaudiologia','nutricion','obstetricia','odontologia','pediatria','psicologia','psicopedagogia','tocoginecologia','servicio_social'","enfermeria,farmacia,fonoaudiologia,nutricion,obstetricia,odontologia,pediatria,psicologia,psicopedagogia,tocoginecologia,servicio_social",BONORINO ESTEBAN Cnel AV,1729.0,,"BONORINO, ESTEBAN, Cnel. AV. 1729",FLORES,7.0,Más información en: http://www.buenosaires.gob.ar/salud/centro-de-salud-flores-4,CeSAC N° 40,Centro de Salud Nivel 1 Flores 4,(CeSAC N° 40),CENTRO DE SALUD NIVEL 1,SI,SI,SI,SI,"['enfermeria,farmacia,fonoaudiologia,nutricion,obstetricia,odontologia,pediatria,psicologia,psicopedagogia,tocoginecologia,servicio_social']",False,False,False,False,True,False,True,False,False,False,True,False,False,False,True,False,False,False,False,True,False,True,False,True,True,False,True,True,False,True,False,False,0
21,43,POINT (-58.4673635405403 -34.6607303120847),50020012117481,Centro de Salud Nivel 1 Villa Lugano 7 (CeSAC Nº 44),4601-3686/ 5573/ 9776,DR. HORACIO CRESPO,PIÑERO,10020012215212,II,"'cardiologia','clinica_medica','enfermeria','farmacia','tocoginecologia','kinesiologia','medicina_general','nutricion','obstetricia','odontologia','pediatria','psicologia','diagnostico_por_imagenes','tocoginecologia','servicio_social','traumatologia'","cardiologia,clinica_medica,enfermeria,farmacia,tocoginecologia,kinesiologia,medicina_general,nutricion,obstetricia,odontologia,pediatria,psicologia,diagnostico_por_imagenes,tocoginecologia,servicio_social,traumatologia",SARAZA,4202.0,,SARAZA 4202,VILLA LUGANO,8.0,Más información en: http://www.buenosaires.gob.ar/salud/centro-de-salud-villa-lugano-7,CeSAC N° 44,Centro de Salud Nivel 1 Villa Lugano 7,(CeSAC Nº 44),CENTRO DE SALUD NIVEL 1,SI,SI,SI,SI,"['cardiologia,clinica_medica,enfermeria,farmacia,tocoginecologia,kinesiologia,medicina_general,nutricion,obstetricia,odontologia,pediatria,psicologia,diagnostico_por_imagenes,tocoginecologia,servicio_social,traumatologia']",False,False,False,True,False,False,False,False,True,False,True,False,True,False,True,True,True,False,False,True,False,True,False,True,True,False,True,True,False,True,False,True,0
22,3,POINT (-58.389377681427 -34.6492762975786),50020012115343,Centro de Salud Nivel 1 Barracas 1 (CeSAC N° 1),4302-0059 / 4303-2634/5005,DRA. LAURA GRACA,PENNA,10020012215222,I,"'cardiologia','clinica_medica','dermatologia','enfermeria','farmacia','fonoaudiologia','tocoginecologia','medicina_general','nutricion','obstetricia','odontologia','pediatria','psicopedagogia','psicologia','promocion','servicio_social'","cardiologia,clinica_medica,dermatologia,enfermeria,farmacia,fonoaudiologia,tocoginecologia,medicina_general,nutricion,obstetricia,odontologia,pediatria,psicopedagogia,psicologia,promocion,servicio_social",VELEZ SARSFIELD AV,1271.0,,VELEZ SARSFIELD AV. 1271,BARRACAS,4.0,Más información en: http://www.buenosaires.gob.ar/salud/centro-de-salud-barracas-1,CeSAC N° 1,Centro de Salud Nivel 1 Barracas 1,(CeSAC N° 1),CENTRO DE SALUD NIVEL 1,NO,NO,SI,SI,"['cardiologia,clinica_medica,dermatologia,enfermeria,farmacia,fonoaudiologia,tocoginecologia,medicina_general,nutricion,obstetricia,odontologia,pediatria,psicopedagogia,psicologia,promocion,servicio_social']",False,False,False,True,True,False,True,False,False,False,True,False,False,True,True,True,False,True,False,True,False,True,False,True,True,False,True,True,False,True,False,True,0
23,36,POINT (-58.3973625693378 -34.6560438464025),50020012115379,Centro de Salud Nivel 1 Barracas 2 (CeSAC N° 8),4302-3825,DRA. BEATRIZ BELLONI,PENNA,10020012215222,I,"'clinica_medica','farmacia','tocoginecologia','medicina_general','obstetricia','pediatria','psicologia','servicio_social','nutricion','psiquiatria'","clinica_medica,farmacia,tocoginecologia,medicina_general,obstetricia,pediatria,psicologia,servicio_social,nutricion,psiquiatria",CRUZ OSVALDO,0.0,LUNA,"CRUZ, OSVALDO y LUNA",BARRACAS,4.0,Más información en: http://www.buenosaires.gob.ar/salud/centro-de-salud-barracas-2,CeSAC N° 8,Centro de Salud Nivel 1 Barracas 2,(CeSAC N° 8),CENTRO DE SALUD NIVEL 1,SI,NO,SI,SI,"['clinica_medica,farmacia,tocoginecologia,medicina_general,obstetricia,pediatria,psicologia,servicio_social,nutricion,psiquiatria']",False,False,False,False,False,False,False,False,False,False,True,False,False,False,True,True,False,False,True,True,False,True,False,False,True,False,True,False,False,True,False,True,0
24,4,POINT (-58.383495108401 -34.6334209011968),50020012115344,Centro de Salud Nivel 1 Parque Patricios 1 (CeSAC N° 10),4304-2002,DRA. MIRTA ARENA,PENNA,10020012215222,I,"'cardiologia','clinica_medica','diabetologia','diagnostico_por_imagenes','enfermeria','farmacia','fonoaudiologia','fonoaudiologia','kinesiologia','neurologia','nutricion','obstetricia','pediatria','psicologia','psicopedagogia','psiquiatria','servicio_social','tocoginecologia'","cardiologia,clinica_medica,diabetologia,diagnostico_por_imagenes,enfermeria,farmacia,fonoaudiologia,fonoaudiologia,kinesiologia,neurologia,nutricion,obstetricia,pediatria,psicologia,psicopedagogia,psiquiatria,servicio_social,tocoginecologia",ALCORTA AMANCIO AV,1402.0,,"ALCORTA, AMANCIO AV. 1402",BARRACAS,4.0,Más información en: http://www.buenosaires.gob.ar/salud/centro-de-salud-parque-patricios-1,CeSAC N° 10,Centro de Salud Nivel 1 Parque Patricios,(CeSAC N° 10),CENTRO DE SALUD NIVEL 1,SI,SI,SI,SI,"['cardiologia,clinica_medica,diabetologia,diagnostico_por_imagenes,enfermeria,farmacia,fonoaudiologia,fonoaudiologia,kinesiologia,neurologia,nutricion,obstetricia,pediatria,psicologia,psicopedagogia,psiquiatria,servicio_social,tocoginecologia']",False,False,False,True,True,False,True,False,True,False,True,False,False,False,True,True,True,False,True,True,True,True,True,False,True,False,True,True,False,True,False,False,0
25,5,POINT (-58.3747016835991 -34.6518714830613),50020012115350,Centro de Salud Nivel 1 Barracas 3 (CeSAC N° 16),4301-6411,DR. MARCELO MILKES,PENNA,10020012215222,I,"'cardiologia','clinica_medica','farmacia','enfermeria','fonoaudiologia','medicina_general','nutricion','obstetricia','odontologia','pediatria','psicologia','psicopedagogia','tocoginecologia','servicio_social'","cardiologia,clinica_medica,farmacia,enfermeria,fonoaudiologia,medicina_general,nutricion,obstetricia,odontologia,pediatria,psicologia,psicopedagogia,tocoginecologia,servicio_social",Osvaldo Cruz,2055.0,,"CRUZ, OSVALDO AV. 2055",BARRACAS,4.0,Más información en: http://www.buenosaires.gob.ar/salud/centro-de-salud-barracas-3,CeSAC N° 16,Centro de Salud Nivel 1 Barracas 3,(CeSAC N° 16),CENTRO DE SALUD NIVEL 1,SI,SI,SI,SI,"['cardiologia,clinica_medica,farmacia,enfermeria,fonoaudiologia,medicina_general,nutricion,obstetricia,odontologia,pediatria,psicologia,psicopedagogia,tocoginecologia,servicio_social']",False,False,False,True,True,False,True,False,False,False,True,False,False,False,True,True,False,False,False,True,False,True,False,True,True,False,True,True,False,True,False,True,0
26,30,POINT (-58.4046161600747 -34.6498751035016),50020012115364,Centro de Salud Nivel 1 Barracas 4 (CeSAC N° 30),4912-2620,DR. DIEGO VACCHINO,PENNA,10020012215222,I,"'cardiologia','clinica_medica','dermatologia','diagnostico_por_imagenes','farmacia','fonoaudiologia','tocoginecologia','medicina_general','nutricion','obstetricia','pediatria','psicologia','psiquiatria','servicio_social'","cardiologia,clinica_medica,dermatologia,diagnostico_por_imagenes,farmacia,fonoaudiologia,tocoginecologia,medicina_general,nutricion,obstetricia,pediatria,psicologia,psiquiatria,servicio_social",ALCORTA AMANCIO AV,0.0,IGUAZU,"ALCORTA, AMANCIO AV. y IGUAZU",BARRACAS,4.0,Más información en: http://www.buenosaires.gob.ar/salud/centro-de-salud-barracas-4,CeSAC N° 30,Centro de Salud Nivel 1 Barracas 4,(CeSAC N° 30),CENTRO DE SALUD NIVEL 1,SI,SI,SI,SI,"['cardiologia,clinica_medica,dermatologia,diagnostico_por_imagenes,farmacia,fonoaudiologia,tocoginecologia,medicina_general,nutricion,obstetricia,pediatria,psicologia,psiquiatria,servicio_social']",False,False,False,True,False,False,True,False,True,False,True,False,False,False,True,True,False,True,True,True,False,True,False,False,True,False,True,False,False,True,False,True,0
27,6,POINT (-58.4311153015132 -34.6541335610707),50020012115366,Centro de Salud Nivel 1 Nueva Pompeya (CeSAC N° 32),4919-7106,DRA. ANGELES TESSIO,PENNA,10020012215222,I,"'clinica_medica','enfermeria','fonoaudiologia','tocoginecologia','medicina_general','nutricion','obsetricia','pediatria','psicologia','servicio_social'","clinica_medica,enfermeria,fonoaudiologia,tocoginecologia,medicina_general,nutricion,obstetricia,pediatria,psicologia,servicio_social",CHARRUA,2900.0,,CHARRUA 2900,NUEVA POMPEYA,4.0,Más información en: http://www.buenosaires.gob.ar/salud/centro-de-salud-barracas-5,CeSAC N° 32,Centro de Salud Nivel 1 Nueva Pompeya,(CeSAC N° 32),CENTRO DE SALUD NIVEL 1,NO,SI,SI,SI,"['clinica_medica,enfermeria,fonoaudiologia,tocoginecologia,medicina_general,nutricion,obstetricia,pediatria,psicologia,servicio_social']",False,False,False,False,False,False,True,False,False,False,True,False,False,False,True,True,False,False,False,True,False,True,False,False,True,False,True,True,False,False,False,True,0
28,32,POINT (-58.3997123614604 -34.656281953572),50020012217482,Centro de Salud Nivel 1 Barracas 6 (CeSAC N° 35),4301-8720,DRA. DANIELA DIVOLA,PENNA,10020012215222,I,"'adolescencia','cardiologia','clinica_medica','fonoaudiologia','medicina_general','nutricion','obstetricia','odontologia','pediatria','psicologia','psicopedagogia','promocion','tocoginecologia','servicio_social'","adolescencia,cardiologia,clinica_medica,fonoaudiologia,medicina_general,nutricion,obstetricia,odontologia,pediatria,psicologia,psicopedagogia,promocion,tocoginecologia,servicio_social",CRUZ OSVALDO,0.0,ZAVALETA,"CRUZ, OSVALDO y ZAVALETA, CABA",BARRACAS,4.0,Más información en: http://www.buenosaires.gob.ar/salud/centro-de-salud-barracas-6,CeSAC N° 35,Centro de Salud Nivel 1 Barracas 6,(CeSAC N° 35),CENTRO DE SALUD NIVEL 1,SI,SI,SI,SI,"['adolescencia,cardiologia,clinica_medica,fonoaudiologia,medicina_general,nutricion,obstetricia,odontologia,pediatria,psicologia,psicopedagogia,promocion,tocoginecologia,servicio_social']",False,False,False,True,True,False,True,False,False,False,True,False,False,True,True,True,False,False,False,True,False,True,False,True,True,False,True,False,True,False,False,True,0
29,7,POINT (-58.4099154111675 -34.6310049373664),50020012115372,Centro de Salud Nivel 1 Parque Patricios 2 (CeSAC N° 39),4911-3576,DRA. ROSA INES PAPPOLLA,PENNA,10020012215222,I,"'anatomia_patologica','cardiologia','clinica_medica','promocion','dermatologia','diagnostico_por_imagenes','enfermeria','farmacia','fonoaudiologia','adolescencia','medicina_general','neurologia','nutricion','obstetricia','odontologia','pediatria','psicologia'","anatomia_patologica,cardiologia,clinica_medica,promocion,dermatologia,diagnostico_por_imagenes,enfermeria,farmacia,fonoaudiologia,adolescencia,medicina_general,neurologia,nutricion,obstetricia,odontologia,pediatria,psicologia",24 DE NOVIEMBRE,1679.0,,24 DE NOVIEMBRE 1679,PARQUE PATRICIOS,4.0,Más información en: http://www.buenosaires.gob.ar/salud/centro-de-salud-parque-patricios-2,CeSAC N° 39,Centro de Salud Nivel 1 Parque Patricios 2,(CeSAC N° 39),CENTRO DE SALUD NIVEL 1,SI,SI,SI,SI,"['anatomia_patologica,cardiologia,clinica_medica,promocion,dermatologia,diagnostico_por_imagenes,enfermeria,farmacia,fonoaudiologia,adolescencia,medicina_general,neurologia,nutricion,obstetricia,odontologia,pediatria,psicologia']",True,False,False,True,False,False,True,False,True,False,True,False,False,True,False,True,False,True,False,False,False,True,True,True,True,False,True,True,True,True,False,True,0
30,46,POINT (-58.4311240082634 -34.6500418428187),50020082218997,Centro de Salud Nivel 1 Flores 5 (CeSAC Nº 48),2821-3648 / 5030-9763,Dr. Alejandro Blumenfeld,PIÑERO,10020012215212,II,"'medicina_general','pediatria','tocogineciologia','enfermeria','psicologia','servicio_social','odontologia','nutricion','obstetricia','farmacia'","medicina_general,pediatria,tocoginecologia,enfermeria,psicologia,servicio_social,odontologia,nutricion,obstetricia,farmacia","FERNANDEZ DE LA CRUZ, F., GRAL. AV.",1753.0,,"FERNANDEZ DE LA CRUZ, F., GRAL. AV. 1753",FLORES,7.0,,CeSAC N° 48,Centro de Salud Nivel 1 Flores 5,(CeSAC N° 48),CENTRO DE SALUD NIVEL 1,S/D,S/D,S/D,S/D,"['medicina_general,pediatria,tocoginecologia,enfermeria,psicologia,servicio_social,odontologia,nutricion,obstetricia,farmacia']",False,False,False,False,False,False,False,False,False,False,True,False,False,False,True,False,False,False,False,True,False,True,False,True,True,False,True,True,False,True,False,True,0
31,14,POINT (-58.4643371496125 -34.6846410004738),50020012115363,Centro de Salud Nivel 1 Villa Lugano 9 (CeSAC N° 3),4605-7823,DR. LERMAN DANIEL,GRIERSON,50020082218914,II,"'farmacia','medicina_general','nutricion','obstetricia','odontologia','pediatria','psicologia','tocogineciologia','diagnostico_por_imagenes','servicio_social'","farmacia,medicina_general,nutricion,obstetricia,odontologia,pediatria,psicologia,tocoginecologia,diagnostico_por_imagenes,servicio_social",SOLDADO DE LA FRONTERA AV,5144.0,,SOLDADO DE LA FRONTERA AV. 5144,VILLA LUGANO,8.0,Más información en: http://www.buenosaires.gob.ar/salud/centro-de-salud-villa-lugano-9,CeSAC N° 3,Centro de Salud Nivel 1 Villa Lugano 9,(CeSAC N° 3),CENTRO DE SALUD NIVEL 1,SI,NO,SI,SI,"['farmacia,medicina_general,nutricion,obstetricia,odontologia,pediatria,psicologia,tocoginecologia,diagnostico_por_imagenes,servicio_social']",False,False,False,False,False,False,False,False,True,False,True,False,False,False,True,False,False,False,False,True,False,True,False,True,True,False,True,False,False,True,False,True,0
32,20,POINT (-58.4680124786177 -34.6737702265593),50020012115351,Centro de Salud Nivel 1 Villa Lugano 4 (CeSAC N° 18),4638-7226,DR. DANIEL VENTURA,GRIERSON,50020082218914,II,"'clinica_medica','enfermeria','farmacia','fonoaudiologia','kinesiologia','medicina_general','nutricion','obstetricia','odontologia','pediatria','psicologia','psicopedagogia','psiquiatria','tocoginecologia','servicio_social','veterinaria'","clinica_medica,enfermeria,farmacia,fonoaudiologia,kinesiologia,medicina_general,nutricion,obstetricia,odontologia,pediatria,psicologia,psicopedagogia,psiquiatria,tocoginecologia,servicio_social,veterinaria","BATLLE Y ORDOÑEZ, JOSE P.T.",5100.0,MIRALLA,"BATLLE Y ORDOÑEZ, JOSE P.T. 5100",VILLA LUGANO,8.0,Más información en: http://www.buenosaires.gob.ar/salud/centro-de-salud-villa-lugano-4,CeSAC N° 18,Centro de Salud Nivel 1 Villa Lugano 4,(CeSAC N° 18),CENTRO DE SALUD NIVEL 1,SI,NO,NO,SI,"['clinica_medica,enfermeria,farmacia,fonoaudiologia,kinesiologia,medicina_general,nutricion,obstetricia,odontologia,pediatria,psicologia,psicopedagogia,psiquiatria,tocoginecologia,servicio_social,veterinaria']",False,False,False,False,True,False,True,False,False,False,True,True,False,False,True,True,True,False,True,True,False,True,False,True,True,False,True,True,False,True,False,True,0
33,44,POINT (-58.4666294080613 -34.6778089390512),50020082218915,Centro de Salud Nivel 1 Villa Lugano 6 (CeSAC Nº 43),4602-4178,DRA. M. FERNANDA VÁZQUEZ,GRIERSON,50020082218914,II,,sin_datos,Fonrouge,4377.0,,FONROUGE 4377,VILLA LUGANO,8.0,Más información en: http://www.buenosaires.gob.ar/salud/centro-de-salud-villa-lugano-6,CeSAC N° 43,Centro de Salud Nivel 1 Villa Lugano 6,(CeSAC Nº 43),CENTRO DE SALUD NIVEL 1,NO,NO,SI,NO,['sin_datos'],False,False,False,False,False,True,False,False,False,False,False,False,False,False,False,False,False,False,False,False,False,False,False,False,False,False,False,False,False,False,False,False,0
34,19,POINT (-58.4205228026952 -34.5927290427914),50020012117479,Centro de Salud Nivel 1 Palermo 1 (CeSAC N° 17),4862-1886,DRA. MARÍA ÁLVAREZ,FERNANDEZ,10020012215220,IV,"'pediatria','clinica_medica','obstetricia','tocoginecologia','medicina_general','anatomia_patologica','enfermeria','psicopedagogia','fonoaudiologia','psicologia','servicio_social'","pediatria,clinica_medica,obstetricia,tocoginecologia,medicina_general,anatomia_patologica,enfermeria,psicopedagogia,fonoaudiologia,psicologia,servicio_social",EL SALVADOR,4087.0,,"EL SALVADOR 4087, CABA",PALERMO,14.0,Más información en: http://www.buenosaires.gob.ar/salud/centro-de-salud-palermo-1,CeSAC N° 17,Centro de Salud Nivel 1 Palermo 1,(CeSAC N° 17),CENTRO DE SALUD NIVEL 1,NO,NO,SI,SI,"['pediatria,clinica_medica,obstetricia,tocoginecologia,medicina_general,anatomia_patologica,enfermeria,psicopedagogia,fonoaudiologia,psicologia,servicio_social']",True,False,False,False,True,False,True,False,False,False,True,False,False,False,True,True,False,False,False,True,False,True,False,False,True,False,False,True,False,False,False,True,0
35,25,POINT (-58.3754319140135 -34.584201119958),50020012115355,Centro de Salud Nivel 1 Retiro 1 (CeSAC N° 21),4313-6985,DRA. NATALIA LABA,FERNANDEZ,10020012215220,IV,"'clinica_medica','diagnostico_por_imagenes','enfermeria','medicina_general','diagnostico_por_imagenes','nutricion','obstetricia','odontologia','pediatria','psicologia','psicopedagogia','psiquiatria','tocoginecologia','servicio_social'","clinica_medica,diagnostico_por_imagenes,enfermeria,medicina_general,diagnostico_por_imagenes,nutricion,obstetricia,odontologia,pediatria,psicologia,psicopedagogia,psiquiatria,tocoginecologia,servicio_social",Gendarmeria Nacional Av.,0.0,"Walsh, Rodolfo","GENDARMERIA NACIONAL AV. y WALSH, RODOLFO",RETIRO,1.0,"Domicilio: 1 Prefectura Naval 80, Barrio 31 <br>

Más información en: http://www.buenosaires.gob.ar/salud/centro-de-salud-retiro-1",CeSAC N° 21,Centro de Salud Nivel 1 Retiro 1,(CeSAC N° 21),CENTRO DE SALUD NIVEL 1,SI,NO,SI,SI,"['clinica_medica,diagnostico_por_imagenes,enfermeria,medicina_general,diagnostico_por_imagenes,nutricion,obstetricia,odontologia,pediatria,psicologia,psicopedagogia,psiquiatria,tocoginecologia,servicio_social']",False,False,False,False,True,False,False,False,True,False,True,False,False,False,True,True,False,False,True,True,False,True,False,True,True,False,True,True,False,False,False,True,0
36,26,POINT (-58.3843461790029 -34.581511322393),50020012117478,Centro de Salud Nivel 1 Retiro 2 (CeSAC N° 25),4315-1553,DR. HORACIO ROQUE,FERNANDEZ,10020012215220,IV,"'clinica_medica','pediatria','tocoginecologia','psicologia','servicio_social','obstetricia','psicologia_infantil','psicologia','fonoaudiologia','medicina_general'","clinica_medica,pediatria,tocoginecologia,psicologia,servicio_social,obstetricia,psicologia_infantil,psicologia,fonoaudiologia,medicina_general",eje p,0.0,eje f,"EJE P y EJE F, CABA",RETIRO,1.0,Más información en: http://www.buenosaires.gob.ar/salud/centro-de-salud-retiro-2,CeSAC N° 25,Centro de Salud Nivel 1 Retiro 2,(CeSAC N° 25),CENTRO DE SALUD NIVEL 1,NO,NO,SI,SI,"['clinica_medica,pediatria,tocoginecologia,psicologia,servicio_social,obstetricia,psicologia_infantil,psicologia,fonoaudiologia,medicina_general']",False,False,False,False,False,False,True,False,False,True,True,False,False,False,True,True,False,False,False,True,False,True,False,False,True,False,False,False,False,False,False,True,0
37,27,POINT (-58.4256441436883 -34.5872377766862),50020012115359,Centro de Salud Nivel 1 Palermo 2 (CeSAC N° 26),4897-2156,DRA. GLORIA NÚÑEZ,FERNANDEZ,10020012215220,IV,"'clinica_medica','pediatria','tocoginecologia','psicologia','servicio_social','obstetricia','fonoaudiologia','nutricion','kinesiologia','enfermeria','farmacia'","clinica_medica,pediatria,tocoginecologia,psicologia,servicio_social,obstetricia,fonoaudiologia,nutricion,kinesiologia,enfermeria,farmacia",GURRUCHAGA,1939.0,,GURRUCHAGA 1939,PALERMO,14.0,Más información en: http://www.buenosaires.gob.ar/salud/centro-de-salud-palermo-2,CeSAC N° 26,Centro de Salud Nivel 1 Palermo 2,(CeSAC N° 26),CENTRO DE SALUD NIVEL 1,NO,NO,SI,SI,"['clinica_medica,pediatria,tocoginecologia,psicologia,servicio_social,obstetricia,fonoaudiologia,nutricion,kinesiologia,enfermeria,farmacia']",False,False,False,False,False,False,True,False,False,False,True,False,False,False,True,True,True,False,False,True,False,True,False,False,True,False,True,True,False,True,False,False,0
38,45,POINT (-58.379536279174 -34.5846192395719),50020002218938,Centro de Salud Nivel 1 Retiro 3 (CeSAC Nº 47),,,FERNANDEZ,10020012215220,IV,,sin_datos,Rodolfo Walsh,0.0,Perette,"WALSH, RODOLFO y PERETTE, CARLOS H.",RETIRO,1.0,Galpón Retiro,CeSAC N° 47,Centro de Salud Nivel 1 Retiro 3,(CeSAC Nº 47),CENTRO DE SALUD NIVEL 1,S/D,S/D,S/D,S/D,['sin_datos'],False,False,False,False,False,True,False,False,False,False,False,False,False,False,False,False,False,False,False,False,False,False,False,False,False,False,False,False,False,False,False,False,0
39,2,POINT (-58.4590658673246 -34.600884853246),50020012115356,Centro de Salud Nivel 1 La Paternal 2 (CeSAC N° 22),4855-6268,DR. FEDERICO PETINICHIO,DURAND,10020012215218,III,"'diagnostico_por_imagenes','enfermeria','farmacia','gerontologia','kinesiologia','clinica_medica','medicina_general','obstetricia','pediatria','psicologia','tocoginecologia','servicio_social','anatomia_patologica'","diagnostico_por_imagenes,enfermeria,farmacia,geriatria,kinesiologia,clinica_medica,medicina_general,obstetricia,pediatria,psicologia,tocoginecologia,servicio_social,anatomia_patologica",Fragata Sarmiento,2152.0,,FRAGATA PRES. SARMIENTO 2152,PATERNAL,15.0,Más información en: http://www.buenosaires.gob.ar/salud/establecimientos/centro-de-salud-la-paternal-2,CeSAC N° 22,Centro de Salud Nivel 1 La Paternal 2,(CeSAC N° 22),CENTRO DE SALUD NIVEL 1,SI,NO,SI,SI,"['diagnostico_por_imagenes,enfermeria,farmacia,geriatria,kinesiologia,clinica_medica,medicina_general,obstetricia,pediatria,psicologia,tocoginecologia,servicio_social,anatomia_patologica']",True,False,True,False,False,False,False,False,True,False,True,False,False,False,True,True,True,False,False,True,False,True,False,False,True,False,False,True,False,True,False,True,0
40,42,POINT (-58.4215702058292 -34.6065882187344),50020012115371,Centro de Salud Nivel 1 Almagro (CeSAC N° 38),4958-4783,DR. DANIEL RAINIERI,DURAND,10020012215218,III,"'clinica_medica','farmacia','gerontologia','kinesiologia','obstetricia','odontologia','pediatria','psicologia','psicologia_infantil','psiquiatria','tocoginecologia','servicio_social'","clinica_medica,farmacia,geriatria,kinesiologia,obstetricia,odontologia,pediatria,psicologia,psicologia_infantil,psiquiatria,tocoginecologia,servicio_social",MEDRANO,350.0,,MEDRANO AV. 350,ALMAGRO,5.0,Más información en: http://www.buenosaires.gob.ar/salud/centro-de-salud-almagro,CeSAC N° 38,Centro de Salud Nivel 1 Almagro,(CeSAC N° 38),CENTRO DE SALUD NIVEL 1,SI,SI,SI,SI,"['clinica_medica,farmacia,geriatria,kinesiologia,obstetricia,odontologia,pediatria,psicologia,psicologia_infantil,psiquiatria,tocoginecologia,servicio_social']",False,False,True,False,False,False,False,False,False,True,True,False,False,False,True,True,True,False,True,True,False,True,False,True,True,False,False,False,False,True,False,False,0
41,37,POINT (-58.3659080000432 -34.6401070890471),50020012115380,Centro de Salud Nivel 1 La Boca 1 (CeSAC N° 9),4302-9983,DRA. BORISIUK LUCÍA,ARGERICH,10020012215217,I,"'clinica_medica','enfermeria','farmacia','fonoaudiologia','tocoginecologia','kinesiologia','medicina_general','medicina_general','nutricion','obstetricia','odontologia','pediatria','psicologia','psicopedagogia','psiquiatria','promocion','terapia_ocupacional'","clinica_medica,enfermeria,farmacia,fonoaudiologia,tocoginecologia,kinesiologia,medicina_general,medicina_general,nutricion,obstetricia,odontologia,pediatria,psicologia,psicopedagogia,psiquiatria,promocion,terapia_ocupacional",IRALA,1254.0,,IRALA 1254,BOCA,4.0,Más información en: http://www.buenosaires.gob.ar/salud/centro-de-salud-la-boca-1,CeSAC N° 9,Centro de Salud Nivel 1 La Boca 1,(CeSAC N° 9),CENTRO DE SALUD NIVEL 1,SI,SI,SI,SI,"['clinica_medica,enfermeria,farmacia,fonoaudiologia,tocoginecologia,kinesiologia,medicina_general,medicina_general,nutricion,obstetricia,odontologia,pediatria,psicologia,psicopedagogia,psiquiatria,promocion,terapia_ocupacional']",False,False,False,False,True,False,True,False,False,False,True,False,False,True,False,True,True,False,True,True,False,True,False,True,True,True,True,True,False,True,False,True,0
42,24,POINT (-58.3724592370497 -34.6207820095087),50020012115349,Centro de Salud Nivel 1 San Telmo (CeSAC N° 15),4361-4938,DRA. MARIA ELENA FOLINI,ARGERICH,10020012215217,I,"'enfermeria','farmacia','tocoginecologia','psicopedagogia','clinica_medica','diagnostico_por_imagenes','medicina_general','nutricion','obstetricia','odontologia','pediatria','psicologia','psicopedagogia','psiquiatria','promocion','terapia_ocupacional','servicio_social'","enfermeria,farmacia,tocoginecologia,psicopedagogia,clinica_medica,diagnostico_por_imagenes,medicina_general,nutricion,obstetricia,odontologia,pediatria,psicologia,psicopedagogia,psiquiatria,promocion,terapia_ocupacional,servicio_social",HUMBERTO 1°,470.0,,HUMBERTO 1° 470,SAN TELMO,1.0,Más información en: http://www.buenosaires.gob.ar/salud/centro-de-salud-san-telmo,CeSAC N° 15,Centro de Salud Nivel 1 San Telmo,(CeSAC N° 15),CENTRO DE SALUD NIVEL 1,SI,SI,SI,SI,"['enfermeria,farmacia,tocoginecologia,psicopedagogia,clinica_medica,diagnostico_por_imagenes,medicina_general,nutricion,obstetricia,odontologia,pediatria,psicologia,psicopedagogia,psiquiatria,promocion,terapia_ocupacional,servicio_social']",False,False,False,False,True,False,False,False,True,False,True,False,False,True,True,True,False,False,True,True,False,True,False,True,True,True,True,True,False,True,False,True,0
43,40,POINT (-58.3579247623333 -34.6313266810211),50020012115375,Centro de Salud Nivel 1 La Boca 2 (CeSAC N° 41),4361-8736,DRA. NOEMI LEDESMA,ARGERICH,10020012215217,I,"'clinica_medica','geriatria','psicopedagogia','enfermeria','tocoginecologia','medicina_general','nutricion','obstetricia','odontologia','psicologia','psicopedagogia','psiquiatria_infanto_juvenil','servicio_social'","clinica_medica,geriatria,psicopedagogia,enfermeria,tocoginecologia,medicina_general,nutricion,obstetricia,odontologia,psicologia,psicopedagogia,psiquiatria_infanto_juvenil,servicio_social",BRIN MINISTRO,843.0,,"BRIN, Ministro 843",BOCA,4.0,Más información en: http://www.buenosaires.gob.ar/salud/centro-de-salud-la-boca-2,CeSAC N° 41,Centro de Salud Nivel 1 La Boca 2,(CeSAC N° 41),CENTRO DE SALUD NIVEL 1,SI,SI,SI,SI,"['clinica_medica,geriatria,psicopedagogia,enfermeria,tocoginecologia,medicina_general,nutricion,obstetricia,odontologia,psicologia,psicopedagogia,psiquiatria_infanto_juvenil,servicio_social']",False,True,True,False,True,False,False,False,False,False,True,False,False,False,True,True,False,False,True,True,False,False,False,True,True,False,True,True,False,False,False,True,0
44,1,POINT (-58.4782436689046 -34.6066090836738),50020012115368,Centro de Salud Nivel 1 La Paternal 1 (CeSAC N° 34),4585-1514,DRA. CLAUDIA FERME,ALVAREZ,10020012215217,II,"'clinica_medica','enfermeria','farmacia','fonoaudiologia','medicina_general','nutricion','obstetricia','odontologia','pediatria','psicologia','psicopedagogia','psiquiatria','tocoginecologia','servicio_social'","clinica_medica,enfermeria,farmacia,fonoaudiologia,medicina_general,nutricion,obstetricia,odontologia,pediatria,psicologia,psicopedagogia,psiquiatria,tocoginecologia,servicio_social",ARTIGAS JOSE GERVASIO GRAL,2262.0,,"ARTIGAS, JOSE GERVASIO, GRAL. 2262",VILLA DEL PARQUE,11.0,Más información en: http://www.buenosaires.gob.ar/salud/centro-de-salud-la-patenal,CeSAC N° 34,Centro de Salud Nivel 1 La Paternal 1,(CeSAC N° 34),CENTRO DE SALUD NIVEL 1,NO,NO,NO,SI,"['clinica_medica,enfermeria,farmacia,fonoaudiologia,medicina_general,nutricion,obstetricia,odontologia,pediatria,psicologia,psicopedagogia,psiquiatria,tocoginecologia,servicio_social']",False,False,False,False,True,False,True,False,False,False,True,False,False,False,True,True,False,False,True,True,False,True,False,True,True,False,True,True,False,True,False,True,0
45,99,,50020012115357,Centro de Salud Nivel 1 Almagro (CeSAC N° 23),,,DURAND,10020012215218,III,,sin_datos,,,,,,,,,,,,,,,,['sin_datos'],False,False,False,False,False,True,False,False,False,False,False,False,False,False,False,False,False,False,False,False,False,False,False,False,False,False,False,False,False,False,False,False,0
