cod_refes;efector;anio;agrupacion;servicio;servicio2;total
5,00E+13;HOSPITAL CECILIA GRIERSON;2019;;alergia;Alergia e Inmunología;48
5,00E+13;HOSPITAL CECILIA GRIERSON;2019;;cardiologia;Cardiología;4178
5,00E+13;HOSPITAL CECILIA GRIERSON;2019;;cirugia;Cirugía;22
5,00E+13;HOSPITAL CECILIA GRIERSON;2019;;clinica_medica;Clínica Médica;8227
5,00E+13;HOSPITAL CECILIA GRIERSON;2019;;dermatologia;Dermatología;1163
5,00E+13;HOSPITAL CECILIA GRIERSON;2019;;diabetologia;Diabetología;568
5,00E+13;HOSPITAL CECILIA GRIERSON;2019;;ecografia;Imágenes;1232
5,00E+13;HOSPITAL CECILIA GRIERSON;2019;;electrocardiografia;Cardiología;1703
5,00E+13;HOSPITAL CECILIA GRIERSON;2019;;enfermeria;Enfermería;32593
5,00E+13;HOSPITAL CECILIA GRIERSON;2019;;fonoaudiologia;Fonoaudiología;870
5,00E+13;HOSPITAL CECILIA GRIERSON;2019;;guardia;Guardia;37603
5,00E+13;HOSPITAL CECILIA GRIERSON;2019;;hematologia;Hematología;48
5,00E+13;HOSPITAL CECILIA GRIERSON;2019;;hemoterapia;Hemoterapia;368
5,00E+13;HOSPITAL CECILIA GRIERSON;2019;;infectologia;Infectología;233
5,00E+13;HOSPITAL CECILIA GRIERSON;2019;;kinesiologia;Kinesiología;1608
5,00E+13;HOSPITAL CECILIA GRIERSON;2019;;nefrologia;Nefrología;91
5,00E+13;HOSPITAL CECILIA GRIERSON;2019;;neumonologia;Neumonología;269
5,00E+13;HOSPITAL CECILIA GRIERSON;2019;;nutricion;Nutrición;1158
5,00E+13;HOSPITAL CECILIA GRIERSON;2019;;obstetricia;Obstetricia;3666
5,00E+13;HOSPITAL CECILIA GRIERSON;2019;;odontologia;Odontología;3496
5,00E+13;HOSPITAL CECILIA GRIERSON;2019;;oftalmologia;Oftalmología;364
5,00E+13;HOSPITAL CECILIA GRIERSON;2019;;otorrinolaringologia;Otorrinolaringología;1531
5,00E+13;HOSPITAL CECILIA GRIERSON;2019;;pediatria;Pediatría;15941
5,00E+13;HOSPITAL CECILIA GRIERSON;2019;;psicologia;Psicología;1976
5,00E+13;HOSPITAL CECILIA GRIERSON;2019;;psicologia_pediatrica;Psicología Pediátrica;693
5,00E+13;HOSPITAL CECILIA GRIERSON;2019;;psiquiatria;Psiquiatría;1310
5,00E+13;HOSPITAL CECILIA GRIERSON;2019;;salud_mental;Salud Mental;6
5,00E+13;HOSPITAL CECILIA GRIERSON;2019;;tocoginecologia;Tocoginecología;6367
5,00E+13;HOSPITAL CECILIA GRIERSON;2019;;trabajo_social;Trabajo Social;830
5,00E+13;HOSPITAL CECILIA GRIERSON;2019;;traumatologia;Ortopedia y Traumatología;7124
1,30E+13;HOSPITAL DE EMERGENCIAS PSIQUIATRICAS TORCUATO DE ALVEAR;2019;;adolescencia;Adolescencia;139
1,30E+13;HOSPITAL DE EMERGENCIAS PSIQUIATRICAS TORCUATO DE ALVEAR;2019;;clinica_medica;Clínica Médica;1703
1,30E+13;HOSPITAL DE EMERGENCIAS PSIQUIATRICAS TORCUATO DE ALVEAR;2019;;guardia;Guardia;23184
1,40E+13;HOSPITAL DE GASTROENTEROLOGIA B. UDAONDO;2019;;cardiologia;Cardiología;5115
1,40E+13;HOSPITAL DE GASTROENTEROLOGIA B. UDAONDO;2019;;cirugia_general;Cirugía General;3326
1,40E+13;HOSPITAL DE GASTROENTEROLOGIA B. UDAONDO;2019;;clinica_medica;Clínica Médica;13591
1,40E+13;HOSPITAL DE GASTROENTEROLOGIA B. UDAONDO;2019;;gastroenterologia;Gastroenterología;8194
1,40E+13;HOSPITAL DE GASTROENTEROLOGIA B. UDAONDO;2019;;ginecologia;Tocoginecología;497
1,40E+13;HOSPITAL DE GASTROENTEROLOGIA B. UDAONDO;2019;;guardia;Guardia;28222
1,40E+13;HOSPITAL DE GASTROENTEROLOGIA B. UDAONDO;2019;;hepatologia;Hepatología;2238
1,40E+13;HOSPITAL DE GASTROENTEROLOGIA B. UDAONDO;2019;;infectologia;Infectología;237
1,40E+13;HOSPITAL DE GASTROENTEROLOGIA B. UDAONDO;2019;;nutricion;Nutrición;1309
1,40E+13;HOSPITAL DE GASTROENTEROLOGIA B. UDAONDO;2019;;oncologia;Oncología;14512
1,40E+13;HOSPITAL DE GASTROENTEROLOGIA B. UDAONDO;2019;;proctologia;Proctología;3866
1,40E+13;HOSPITAL DE INFECCIOSAS F. MUÑIZ;2019;;infecciosas;Infectología;25488
1,40E+13;HOSPITAL DE INFECCIOSAS F. MUÑIZ;2019;;neumotisiologia;Neumonología;21302
1,40E+13;HOSPITAL DE INFECCIOSAS F. MUÑIZ;2019;;lepra;Dermatología;401
1,40E+13;HOSPITAL DE INFECCIOSAS F. MUÑIZ;2019;;dermatologia;Dermatología;10852
1,40E+13;HOSPITAL DE INFECCIOSAS F. MUÑIZ;2019;;cardiologia;Cardiología;2808
1,40E+13;HOSPITAL DE INFECCIOSAS F. MUÑIZ;2019;;neurologia;Neurología;1445
1,40E+13;HOSPITAL DE INFECCIOSAS F. MUÑIZ;2019;;nutricion;Nutrición;688
1,40E+13;HOSPITAL DE INFECCIOSAS F. MUÑIZ;2019;;t_b_c_multirresistente;Infectología;1175
1,40E+13;HOSPITAL DE INFECCIOSAS F. MUÑIZ;2019;;hematologia;Hematología;865
1,40E+13;HOSPITAL DE INFECCIOSAS F. MUÑIZ;2019;;asma_y_a;Neumonología;2308
1,40E+13;HOSPITAL DE INFECCIOSAS F. MUÑIZ;2019;;hepatologia;Hepatología;5623
1,40E+13;HOSPITAL DE INFECCIOSAS F. MUÑIZ;2019;;zoopatologia;Infectología;4267
1,40E+13;HOSPITAL DE INFECCIOSAS F. MUÑIZ;2019;;psiquiatria;Psiquiatría;4273
1,40E+13;HOSPITAL DE INFECCIOSAS F. MUÑIZ;2019;;brucelosis;Infectología;95
1,40E+13;HOSPITAL DE INFECCIOSAS F. MUÑIZ;2019;;e_t_s;Infectología;3848
1,40E+13;HOSPITAL DE INFECCIOSAS F. MUÑIZ;2019;;s_i_d_a;Infectología;15245
1,40E+13;HOSPITAL DE INFECCIOSAS F. MUÑIZ;2019;;micologia;Infectología;819
1,40E+13;HOSPITAL DE INFECCIOSAS F. MUÑIZ;2019;;cirugia;Cirugía General;2632
1,40E+13;HOSPITAL DE INFECCIOSAS F. MUÑIZ;2019;;ginecologia;Tocoginecología;1340
1,40E+13;HOSPITAL DE INFECCIOSAS F. MUÑIZ;2019;;urologia;Urología;1276
1,40E+13;HOSPITAL DE INFECCIOSAS F. MUÑIZ;2019;;ortopedia_y_traumatologia;Ortopedia y Traumatología;650
1,40E+13;HOSPITAL DE INFECCIOSAS F. MUÑIZ;2019;;oftalomologia;Oftalmología;3340
1,40E+13;HOSPITAL DE INFECCIOSAS F. MUÑIZ;2019;;o_r_l;Otorrinolaringología;2765
1,40E+13;HOSPITAL DE INFECCIOSAS F. MUÑIZ;2019;;neurocirugia;Neurocirugía;471
1,40E+13;HOSPITAL DE INFECCIOSAS F. MUÑIZ;2019;;pediatria;Pediatría;4256
1,40E+13;HOSPITAL DE INFECCIOSAS F. MUÑIZ;2019;;adolescencia;Adolescencia;1620
1,40E+13;HOSPITAL DE INFECCIOSAS F. MUÑIZ;2019;;guardia;Guardia;31137
1,40E+13;HOSPITAL DE INFECCIOSAS F. MUÑIZ;2019;;promocion;Promoción;56036
1,40E+13;HOSPITAL DE OFTALMOLOGIA SANTA LUCIA;2019;medicina;clinica_medica;Clínica Médica;6393
1,40E+13;HOSPITAL DE OFTALMOLOGIA SANTA LUCIA;2019;medicina;cardiologia;Cardiología;3604
1,40E+13;HOSPITAL DE OFTALMOLOGIA SANTA LUCIA;2019;medicina;endocrinologia;Endocrinología;1161
1,40E+13;HOSPITAL DE OFTALMOLOGIA SANTA LUCIA;2019;medicina;infectologia;Infectología;870
1,40E+13;HOSPITAL DE OFTALMOLOGIA SANTA LUCIA;2019;cirugia;clinica_oftalmologica;Oftalmología;27738
1,40E+13;HOSPITAL DE OFTALMOLOGIA SANTA LUCIA;2019;cirugia;clinica_oftalmologica_vesp;Oftalmología;35978
1,40E+13;HOSPITAL DE OFTALMOLOGIA SANTA LUCIA;2019;cirugia;cornea;Oftalmología;3374
1,40E+13;HOSPITAL DE OFTALMOLOGIA SANTA LUCIA;2019;cirugia;estrabismo;Oftalmología;1416
1,40E+13;HOSPITAL DE OFTALMOLOGIA SANTA LUCIA;2019;cirugia;glaucoma;Oftalmología;3441
1,40E+13;HOSPITAL DE OFTALMOLOGIA SANTA LUCIA;2019;cirugia;retina;Oftalmología;4137
1,40E+13;HOSPITAL DE OFTALMOLOGIA SANTA LUCIA;2019;cirugia;segmento_anterior;Oftalmología;4150
1,40E+13;HOSPITAL DE OFTALMOLOGIA SANTA LUCIA;2019;cirugia;vias_lagrimales;Oftalmología;1425
1,40E+13;HOSPITAL DE OFTALMOLOGIA SANTA LUCIA;2019;cirugia;cirugia;Oftalmología;4753
1,40E+13;HOSPITAL DE OFTALMOLOGIA SANTA LUCIA;2019;cirugia;cirugia_refractiva;Oftalmología;516
1,40E+13;HOSPITAL DE OFTALMOLOGIA SANTA LUCIA;2019;cirugia;oncologia_y_orbita;Oncología;2003
1,40E+13;HOSPITAL DE OFTALMOLOGIA SANTA LUCIA;2019;cirugia;uveitis;Infectología;1766
1,40E+13;HOSPITAL DE OFTALMOLOGIA SANTA LUCIA;2019;cirugia;infectologia_ocular;Infectología;2555
1,40E+13;HOSPITAL DE OFTALMOLOGIA SANTA LUCIA;2019;cirugia;cirugia_plastica;Cirugía Plástica;1064
1,40E+13;HOSPITAL DE OFTALMOLOGIA SANTA LUCIA;2019;cirugia;neurocirugia;Neurocirugía;377
1,40E+13;HOSPITAL DE OFTALMOLOGIA SANTA LUCIA;2019;cirugia;neurooftalmologia_y_orbita;Neurocirugía;245
1,40E+13;HOSPITAL DE OFTALMOLOGIA SANTA LUCIA;2019;pediatria;pediatria;Oftalmología Pediátrica;1992
1,40E+13;HOSPITAL DE OFTALMOLOGIA SANTA LUCIA;2019;pediatria;oftalmologia_pediatrica;Oftalmología Pediátrica;4240
1,40E+13;HOSPITAL DE OFTALMOLOGIA SANTA LUCIA;2019;urgencia;guardia_medica;Guardia;515470
1,40E+13;HOSPITAL DE QUEMADOS DR. ARTURO UMBERTO ILLIA;2019;medicina;clinica_medica;Clínica Médica;11
1,40E+13;HOSPITAL DE QUEMADOS DR. ARTURO UMBERTO ILLIA;2019;medicina;cardiologia;Cardiología;825
1,40E+13;HOSPITAL DE QUEMADOS DR. ARTURO UMBERTO ILLIA;2019;medicina;prestacion_atencion_del_dolor;Paliativos;12
1,40E+13;HOSPITAL DE QUEMADOS DR. ARTURO UMBERTO ILLIA;2019;cirugia;cirugia_plastica;Cirugía Plástica;6485
1,40E+13;HOSPITAL DE QUEMADOS DR. ARTURO UMBERTO ILLIA;2019;cirugia;quemados_adultos;Cirugía Plástica;19360
1,40E+13;HOSPITAL DE QUEMADOS DR. ARTURO UMBERTO ILLIA;2019;cirugia;quemados_pediatria;Cirugía Plástica Pediátrica;9042
1,40E+13;HOSPITAL DE QUEMADOS DR. ARTURO UMBERTO ILLIA;2019;cirugia;seguimiento_de_internacion_adultos;Cirugía Plástica;1478
1,40E+13;HOSPITAL DE QUEMADOS DR. ARTURO UMBERTO ILLIA;2019;cirugia;seguimiento_de_internacion_pediatria;Cirugía Plástica Pediátrica;1823
1,40E+13;HOSPITAL DE QUEMADOS DR. ARTURO UMBERTO ILLIA;2019;urgencia;guardia_del_dia;Guardia;19144
1,40E+13;HOSPITAL DE REHABILITACION M. ROCCA;2019;medicina;fisiatria;Fisiatría;6030
1,40E+13;HOSPITAL DE REHABILITACION M. ROCCA;2019;medicina;fisiatria_vesp;Fisiatría;599
1,40E+13;HOSPITAL DE REHABILITACION M. ROCCA;2019;medicina;clinica_medica;Clínica Médica;4599
1,40E+13;HOSPITAL DE REHABILITACION M. ROCCA;2019;medicina;clinica_estetica;Medicina Estética;3087
1,40E+13;HOSPITAL DE REHABILITACION M. ROCCA;2019;medicina;cardiologia;Cardiología;3094
1,40E+13;HOSPITAL DE REHABILITACION M. ROCCA;2019;medicina;orientacion;Fisiatría;1511
1,40E+13;HOSPITAL DE REHABILITACION M. ROCCA;2019;medicina;reumatologia;Reumatología;3414
1,40E+13;HOSPITAL DE REHABILITACION M. ROCCA;2019;medicina;cesacion_tabaquica;Promoción;59
1,40E+13;HOSPITAL DE REHABILITACION M. ROCCA;2019;cirugia;ortopedia_y_traumatologia;Ortopedia y Traumatología;4314
1,40E+13;HOSPITAL DE REHABILITACION M. ROCCA;2019;cirugia;ortopedia_y_traumatologia_vesp;Ortopedia y Traumatología;412
1,40E+13;HOSPITAL DE REHABILITACION M. ROCCA;2019;cirugia;cirugia_plastica;Cirugía Plástica;2151
1,40E+13;HOSPITAL DE REHABILITACION M. ROCCA;2019;cirugia;oftalmologia;Oftalmología;1309
1,40E+13;HOSPITAL DE REHABILITACION M. ROCCA;2019;cirugia;otorrinolaringologia;Otorrinolaringología;5878
1,40E+13;HOSPITAL DE REHABILITACION M. ROCCA;2019;cirugia;otorrinolaringologia_vesp;Otorrinolaringología;900
1,40E+13;HOSPITAL DE REHABILITACION M. ROCCA;2019;cirugia;urologia;Urología;1486
1,40E+13;HOSPITAL DE REHABILITACION M. ROCCA;2019;cirugia;urologia_vesp;Urología;573
1,40E+13;HOSPITAL DE REHABILITACION M. ROCCA;2019;pediatria;pediatria;Pediatría;3957
1,40E+13;HOSPITAL DE REHABILITACION M. ROCCA;2019;urgencia;guardia_del_dia;Guardia;8518
1,40E+13;HOSPITAL DE REHABILITACION M. ROCCA;2019;promocion_y_proteccion;promocion_y_proteccion;Promoción;1880
1,40E+13;HOSPITAL DE REHABILITACION RESPIRATORIA MARIA FERRER;2019;medicina;neumonologia;Neumonología;9276
1,40E+13;HOSPITAL DE REHABILITACION RESPIRATORIA MARIA FERRER;2019;medicina;neumonologia_vesp;Neumonología;4735
1,40E+13;HOSPITAL DE REHABILITACION RESPIRATORIA MARIA FERRER;2019;medicina;miastenia_gravis;Neurología;346
1,40E+13;HOSPITAL DE REHABILITACION RESPIRATORIA MARIA FERRER;2019;medicina;miastenia_gravis_vesp;Neurología;264
1,40E+13;HOSPITAL DE REHABILITACION RESPIRATORIA MARIA FERRER;2019;medicina;cardiologia;Cardiología;1832
1,40E+13;HOSPITAL DE REHABILITACION RESPIRATORIA MARIA FERRER;2019;medicina;cardiologia_vesp;Cardiología;189
1,40E+13;HOSPITAL DE REHABILITACION RESPIRATORIA MARIA FERRER;2019;medicina;oncologia;Oncología;962
1,40E+13;HOSPITAL DE REHABILITACION RESPIRATORIA MARIA FERRER;2019;medicina;enfermedades_pulmonares_intersticiales_difusas_epid;Neumonología;2115
1,40E+13;HOSPITAL DE REHABILITACION RESPIRATORIA MARIA FERRER;2019;medicina;cesacion_tabaquica;Promoción;131
1,40E+13;HOSPITAL DE REHABILITACION RESPIRATORIA MARIA FERRER;2019;cirugia;cirugia_cardiovascular_y_toracica;Cirugía de Tórax y Cardiovascular;1091
1,40E+13;HOSPITAL DE REHABILITACION RESPIRATORIA MARIA FERRER;2019;pediatria;neumonologia;Neumonología;2174
1,40E+13;HOSPITAL DE REHABILITACION RESPIRATORIA MARIA FERRER;2019;pediatria;neumonologia_vesp;Neumonología;353
1,40E+13;HOSPITAL DE REHABILITACION RESPIRATORIA MARIA FERRER;2019;urgencia;guardia;Guardia;18346
1,30E+13;HOSPITAL DE SALUD MENTAL BRAULIO MOYANO;2019;;cardiologia;Cardiología;5396
1,30E+13;HOSPITAL DE SALUD MENTAL BRAULIO MOYANO;2019;;cirugia_general;Cirugía General;4918
1,30E+13;HOSPITAL DE SALUD MENTAL BRAULIO MOYANO;2019;;clinica_medica;Clínica Médica;13721
1,30E+13;HOSPITAL DE SALUD MENTAL BRAULIO MOYANO;2019;;dermatologia;Dermatología;1915
1,30E+13;HOSPITAL DE SALUD MENTAL BRAULIO MOYANO;2019;;gincecologia;Tocoginecología;4161
1,30E+13;HOSPITAL DE SALUD MENTAL BRAULIO MOYANO;2019;;infectologia;Infectología;2379
1,30E+13;HOSPITAL DE SALUD MENTAL BRAULIO MOYANO;2019;;neurologia;Neurología;2322
1,30E+13;HOSPITAL DE SALUD MENTAL BRAULIO MOYANO;2019;;oftalmologia;Oftalmología;1998
1,30E+13;HOSPITAL DE SALUD MENTAL BRAULIO MOYANO;2019;;ortopedia_y_traumatologia;Ortopedia y Traumatología;1090
1,30E+13;HOSPITAL DE SALUD MENTAL J. T. BORDA;2019;medicina;cardiologia;Cardiología;200
1,30E+13;HOSPITAL DE SALUD MENTAL J. T. BORDA;2019;medicina;clinica_medica;Clínica Médica;1607
1,30E+13;HOSPITAL DE SALUD MENTAL J. T. BORDA;2019;medicina;neurologia;Neurología;1446
1,30E+13;HOSPITAL DE SALUD MENTAL J. T. BORDA;2019;medicina;psiquiaria_serv_10;Psiquiatría;30
1,30E+13;HOSPITAL DE SALUD MENTAL J. T. BORDA;2019;medicina;psiquiaria_serv_21;Psiquiatría;12
1,30E+13;HOSPITAL DE SALUD MENTAL J. T. BORDA;2019;medicina;infecciosas;Infectología;602
1,30E+13;HOSPITAL DE SALUD MENTAL J. T. BORDA;2019;medicina;psiquiaria_serv_e1;Psiquiatría;167
1,30E+13;HOSPITAL DE SALUD MENTAL J. T. BORDA;2019;medicina;psiquiaria_serv_2;Psiquiatría;20
1,30E+13;HOSPITAL DE SALUD MENTAL J. T. BORDA;2019;medicina;psiquiaria_serv_3;Psiquiatría;62
1,30E+13;HOSPITAL DE SALUD MENTAL J. T. BORDA;2019;medicina;psiquiaria_serv_8;Psiquiatría;24
1,30E+13;HOSPITAL DE SALUD MENTAL J. T. BORDA;2019;medicina;psiquiaria_serv_11;Psiquiatría;18
1,30E+13;HOSPITAL DE SALUD MENTAL J. T. BORDA;2019;medicina;psiquiaria_serv_18;Psiquiatría;12
1,30E+13;HOSPITAL DE SALUD MENTAL J. T. BORDA;2019;medicina;psiquiaria_serv_tcp1;Psiquiatría;168
1,30E+13;HOSPITAL DE SALUD MENTAL J. T. BORDA;2019;medicina;psiquiaria_serv_12;Psiquiatría;42
1,30E+13;HOSPITAL DE SALUD MENTAL J. T. BORDA;2019;medicina;psiquiaria_serv_31b;Psiquiatría;178
1,30E+13;HOSPITAL DE SALUD MENTAL J. T. BORDA;2019;medicina;psiquiaria_serv_27;Psiquiatría;26
1,30E+13;HOSPITAL DE SALUD MENTAL J. T. BORDA;2019;medicina;psiquiaria_serv_e3;Psiquiatría;96
1,30E+13;HOSPITAL DE SALUD MENTAL J. T. BORDA;2019;medicina;psiquiaria_serv_29;Psiquiatría;11
1,30E+13;HOSPITAL DE SALUD MENTAL J. T. BORDA;2019;medicina;psiquiaria_serv_9;Psiquiatría;89
1,30E+13;HOSPITAL DE SALUD MENTAL J. T. BORDA;2019;cirugia;cirugia;Cirugía General;360
1,30E+13;HOSPITAL DE SALUD MENTAL J. T. BORDA;2019;cirugia;urologia;Urología;27
1,30E+13;HOSPITAL DE SALUD MENTAL J. T. BORDA;2019;urgencia;guardia_del_dia;Guardia;20746
1,00E+13;HOSPITAL GENERAL DE AGUDOS A. ZUBIZARRETA;2019;medicina;clinica_medica_vesp;Clínica Médica;9883
1,00E+13;HOSPITAL GENERAL DE AGUDOS A. ZUBIZARRETA;2019;medicina;clinica_medica;Clínica Médica;9402
1,00E+13;HOSPITAL GENERAL DE AGUDOS A. ZUBIZARRETA;2019;medicina;endocrinologia_grupo_de_trabajo;Endocrinología;4719
1,00E+13;HOSPITAL GENERAL DE AGUDOS A. ZUBIZARRETA;2019;medicina;gastroenterologia_grupo_de_trabajo;Gastroenterología;3136
1,00E+13;HOSPITAL GENERAL DE AGUDOS A. ZUBIZARRETA;2019;medicina;alergia_grupo_de_trabajo;Alergia e Inmunología;2928
1,00E+13;HOSPITAL GENERAL DE AGUDOS A. ZUBIZARRETA;2019;medicina;oncologia_grupo_de_trabajo;Oncología;1575
1,00E+13;HOSPITAL GENERAL DE AGUDOS A. ZUBIZARRETA;2019;medicina;neurologia_grupo_de_trabajo;Neurología;7929
1,00E+13;HOSPITAL GENERAL DE AGUDOS A. ZUBIZARRETA;2019;medicina;dermatologia;Dermatología;12220
1,00E+13;HOSPITAL GENERAL DE AGUDOS A. ZUBIZARRETA;2019;medicina;cardiologia;Cardiología;3158
1,00E+13;HOSPITAL GENERAL DE AGUDOS A. ZUBIZARRETA;2019;medicina;cardiologia_vesp;Cardiología;5917
1,00E+13;HOSPITAL GENERAL DE AGUDOS A. ZUBIZARRETA;2019;medicina;tisiologia;Neumonología;4720
1,00E+13;HOSPITAL GENERAL DE AGUDOS A. ZUBIZARRETA;2019;medicina;tisiologia_vesp;Neumonología;1774
1,00E+13;HOSPITAL GENERAL DE AGUDOS A. ZUBIZARRETA;2019;medicina;neurologia_grupo_de_trabajo_vesp;Neurología;1495
1,00E+13;HOSPITAL GENERAL DE AGUDOS A. ZUBIZARRETA;2019;medicina;cesacion_tabaquica;Promoción;0
1,00E+13;HOSPITAL GENERAL DE AGUDOS A. ZUBIZARRETA;2019;medicina;infectologia_grupo_de_trabajo;Infectología;4655
1,00E+13;HOSPITAL GENERAL DE AGUDOS A. ZUBIZARRETA;2019;cirugia;cirugia_general_vesp;Cirugía General;2342
1,00E+13;HOSPITAL GENERAL DE AGUDOS A. ZUBIZARRETA;2019;cirugia;cirugia_general;Cirugía General;4046
1,00E+13;HOSPITAL GENERAL DE AGUDOS A. ZUBIZARRETA;2019;cirugia;cirugia_plastica_grupo_de_trabajo;Cirugía Plástica;2210
1,00E+13;HOSPITAL GENERAL DE AGUDOS A. ZUBIZARRETA;2019;cirugia;ginecologia_vesp;Tocoginecología;9449
1,00E+13;HOSPITAL GENERAL DE AGUDOS A. ZUBIZARRETA;2019;cirugia;ginecologia;Tocoginecología;9449
1,00E+13;HOSPITAL GENERAL DE AGUDOS A. ZUBIZARRETA;2019;cirugia;urologia;Urología;3130
1,00E+13;HOSPITAL GENERAL DE AGUDOS A. ZUBIZARRETA;2019;cirugia;ortopedia_y_traumatologia;Ortopedia y Traumatología;3406
1,00E+13;HOSPITAL GENERAL DE AGUDOS A. ZUBIZARRETA;2019;cirugia;ortopedia_y_traumatologia_vesp;Ortopedia y Traumatología;5781
1,00E+13;HOSPITAL GENERAL DE AGUDOS A. ZUBIZARRETA;2019;cirugia;oftalmologia;Oftalmología;7698
1,00E+13;HOSPITAL GENERAL DE AGUDOS A. ZUBIZARRETA;2019;cirugia;otorrinolaringologia;Otorrinolaringología;6590
1,00E+13;HOSPITAL GENERAL DE AGUDOS A. ZUBIZARRETA;2019;pediatria;pediatria;Pediatría;8879
1,00E+13;HOSPITAL GENERAL DE AGUDOS A. ZUBIZARRETA;2019;pediatria;pediatria_vesp;Pediatría;6259
1,00E+13;HOSPITAL GENERAL DE AGUDOS A. ZUBIZARRETA;2019;pediatria;adolescencia_grupo_de_trabajo;Adolescencia;3344
1,00E+13;HOSPITAL GENERAL DE AGUDOS A. ZUBIZARRETA;2019;pediatria;adolescencia_grupo_de_trabajo_vesp;Adolescencia;2184
1,00E+13;HOSPITAL GENERAL DE AGUDOS A. ZUBIZARRETA;2019;pediatria;cardiologia_grupo_de_trabajo;Cardiología;1255
1,00E+13;HOSPITAL GENERAL DE AGUDOS A. ZUBIZARRETA;2019;urgencia;guardia_del_dia;Guardia;26602
1,00E+13;HOSPITAL GENERAL DE AGUDOS A. ZUBIZARRETA;2019;otras_especialidades;area_salud_escolar;Promoción;7818
1,00E+13;HOSPITAL GENERAL DE AGUDOS A. ZUBIZARRETA;2019;otras_especialidades;area_salud_comunitaria;Promoción;5967
1,00E+13;HOSPITAL GENERAL DE AGUDOS A. ZUBIZARRETA;2019;otras_especialidades;area_epidemiologia;Promoción;1341
1,00E+13;HOSPITAL GENERAL DE AGUDOS A. ZUBIZARRETA;2019;otras_especialidades;area_inmunizaciones;Promoción;2573
1,00E+13;HOSPITAL GENERAL DE AGUDOS A. ZUBIZARRETA;2019;otras_especialidades;medico_de_cabecera_clinica_medica;Clínica Médica;2232
1,00E+13;HOSPITAL GENERAL DE AGUDOS A. ZUBIZARRETA;2019;otras_especialidades;medico_de_cabecera_pediatria;Pediatría;655
1,00E+13;HOSPITAL GENERAL DE AGUDOS A. ZUBIZARRETA;2019;otras_especialidades;medico_de_cabecera_tocoginecologia;Tocoginecología;510
1,00E+13;HOSPITAL GENERAL DE AGUDOS A. ZUBIZARRETA;2019;otras_especialidades;procreacion_responsable_grupo_de_trabajo;Promoción;1277
1,00E+13;HOSPITAL GENERAL DE AGUDOS A. ZUBIZARRETA;2019;promocion_y_proteccion;promocion_y_proteccion;Promoción;24191
1,00E+13;HOSPITAL GENERAL DE AGUDOS A. ZUBIZARRETA;2019;promocion_y_proteccion;promocion_y_proteccion_vesp;Promoción;10390
1,00E+13;HOSPITAL GENERAL DE AGUDOS B. RIVADAVIA;2019;medicina;clinica_medica;Clínica Médica;9997
1,00E+13;HOSPITAL GENERAL DE AGUDOS B. RIVADAVIA;2019;medicina;alergia;Alergia e Inmunología;3786
1,00E+13;HOSPITAL GENERAL DE AGUDOS B. RIVADAVIA;2019;medicina;cardiologia;Cardiología;6301
1,00E+13;HOSPITAL GENERAL DE AGUDOS B. RIVADAVIA;2019;medicina;hipertension_arterial_grupo_de_trabajo;Cardiología;3502
1,00E+13;HOSPITAL GENERAL DE AGUDOS B. RIVADAVIA;2019;medicina;arritmias;Cardiología;886
1,00E+13;HOSPITAL GENERAL DE AGUDOS B. RIVADAVIA;2019;medicina;dermatologia;Dermatología;7464
1,00E+13;HOSPITAL GENERAL DE AGUDOS B. RIVADAVIA;2019;medicina;endocrinologia;Endocrinología;3579
1,00E+13;HOSPITAL GENERAL DE AGUDOS B. RIVADAVIA;2019;medicina;neurologia;Neurología;4626
1,00E+13;HOSPITAL GENERAL DE AGUDOS B. RIVADAVIA;2019;medicina;nutricion;Nutrición;1817
1,00E+13;HOSPITAL GENERAL DE AGUDOS B. RIVADAVIA;2019;medicina;reumatologia;Reumatología;4856
1,00E+13;HOSPITAL GENERAL DE AGUDOS B. RIVADAVIA;2019;medicina;nefrologia;Nefrología;400
1,00E+13;HOSPITAL GENERAL DE AGUDOS B. RIVADAVIA;2019;medicina;oncologia;Oncología;3630
1,00E+13;HOSPITAL GENERAL DE AGUDOS B. RIVADAVIA;2019;medicina;telecobaltoterapia;Oncología;331
1,00E+13;HOSPITAL GENERAL DE AGUDOS B. RIVADAVIA;2019;medicina;gastroenterologia;Gastroenterología;2514
1,00E+13;HOSPITAL GENERAL DE AGUDOS B. RIVADAVIA;2019;medicina;cesacion_tabaquica;Promoción;95
1,00E+13;HOSPITAL GENERAL DE AGUDOS B. RIVADAVIA;2019;medicina;obesidad_grupo_de_trabajo;Promoción;1471
1,00E+13;HOSPITAL GENERAL DE AGUDOS B. RIVADAVIA;2019;cirugia;cirugia;Cirugía General;929
1,00E+13;HOSPITAL GENERAL DE AGUDOS B. RIVADAVIA;2019;cirugia;cirugia_cardiovascular;Cirugía de Tórax y Cardiovascular;259
1,00E+13;HOSPITAL GENERAL DE AGUDOS B. RIVADAVIA;2019;cirugia;cirugia_plastica;Cirugía Plástica;1140
1,00E+13;HOSPITAL GENERAL DE AGUDOS B. RIVADAVIA;2019;cirugia;ginecologia;Tocoginecología;1719
1,00E+13;HOSPITAL GENERAL DE AGUDOS B. RIVADAVIA;2019;cirugia;ginecologia_endocrina;Tocoginecología;661
1,00E+13;HOSPITAL GENERAL DE AGUDOS B. RIVADAVIA;2019;cirugia;climaterio;Tocoginecología;873
1,00E+13;HOSPITAL GENERAL DE AGUDOS B. RIVADAVIA;2019;cirugia;esterilidad;Tocoginecología;563
1,00E+13;HOSPITAL GENERAL DE AGUDOS B. RIVADAVIA;2019;cirugia;patologia_cervical;Tocoginecología;5340
1,00E+13;HOSPITAL GENERAL DE AGUDOS B. RIVADAVIA;2019;cirugia;patologia_mamaria;Tocoginecología;3314
1,00E+13;HOSPITAL GENERAL DE AGUDOS B. RIVADAVIA;2019;cirugia;urolitiasis;Urología;143
1,00E+13;HOSPITAL GENERAL DE AGUDOS B. RIVADAVIA;2019;cirugia;urologia_general;Urología;1058
1,00E+13;HOSPITAL GENERAL DE AGUDOS B. RIVADAVIA;2019;cirugia;urodinamia;Urología;44
1,00E+13;HOSPITAL GENERAL DE AGUDOS B. RIVADAVIA;2019;cirugia;urologia_oncologica;Urología;195
1,00E+13;HOSPITAL GENERAL DE AGUDOS B. RIVADAVIA;2019;cirugia;proctologia;Proctología;564
1,00E+13;HOSPITAL GENERAL DE AGUDOS B. RIVADAVIA;2019;cirugia;ortopedia_y_traumatologia;Ortopedia y Traumatología;1921
1,00E+13;HOSPITAL GENERAL DE AGUDOS B. RIVADAVIA;2019;cirugia;otorrinolaringologia;Otorrinolaringología;9463
1,00E+13;HOSPITAL GENERAL DE AGUDOS B. RIVADAVIA;2019;cirugia;oftalmologia;Oftalmología;18086
1,00E+13;HOSPITAL GENERAL DE AGUDOS B. RIVADAVIA;2019;cirugia;neurocirugia;Neurocirugía;424
1,00E+13;HOSPITAL GENERAL DE AGUDOS B. RIVADAVIA;2019;pediatria;pediatria;Pediatría;12885
1,00E+13;HOSPITAL GENERAL DE AGUDOS B. RIVADAVIA;2019;pediatria;adolescencia_e_infanto_juvenil;Adolescencia;3332
1,00E+13;HOSPITAL GENERAL DE AGUDOS B. RIVADAVIA;2019;tocoginecologia;obstetricia;Obstetricia;8494
1,00E+13;HOSPITAL GENERAL DE AGUDOS B. RIVADAVIA;2019;tocoginecologia;planificacion_familiar;Promoción;4055
1,00E+13;HOSPITAL GENERAL DE AGUDOS B. RIVADAVIA;2019;urgencia;coordinacion_de_emergencias;Guardia;51331
1,00E+13;HOSPITAL GENERAL DE AGUDOS B. RIVADAVIA;2019;promocion_y_proteccion;medicina_preventiva;Promoción;2362
1,00E+13;HOSPITAL GENERAL DE AGUDOS D. VELEZ SARSFIELD;2019;;cardiologia;Cardiología;6514
1,00E+13;HOSPITAL GENERAL DE AGUDOS D. VELEZ SARSFIELD;2019;;cardiologia_pediatrica;Cardiología Pediátrica;1486
1,00E+13;HOSPITAL GENERAL DE AGUDOS D. VELEZ SARSFIELD;2019;;cirugia;Cirugía General;3740
1,00E+13;HOSPITAL GENERAL DE AGUDOS D. VELEZ SARSFIELD;2019;;clinica_medica;Clínica Médica;6582
1,00E+13;HOSPITAL GENERAL DE AGUDOS D. VELEZ SARSFIELD;2019;;dermatologia;Dermatología;6956
1,00E+13;HOSPITAL GENERAL DE AGUDOS D. VELEZ SARSFIELD;2019;;dermatologia_pediatrica;Dermatología Pediátrica;2069
1,00E+13;HOSPITAL GENERAL DE AGUDOS D. VELEZ SARSFIELD;2019;;diabetologia;Diabetología;645
1,00E+13;HOSPITAL GENERAL DE AGUDOS D. VELEZ SARSFIELD;2019;;endocrinologia;Endocrinología;401
1,00E+13;HOSPITAL GENERAL DE AGUDOS D. VELEZ SARSFIELD;2019;;flebologia;Cirugía Vascular Periférico;641
1,00E+13;HOSPITAL GENERAL DE AGUDOS D. VELEZ SARSFIELD;2019;;fonoaudiologia;Fonoaudiología;5759
1,00E+13;HOSPITAL GENERAL DE AGUDOS D. VELEZ SARSFIELD;2019;;gastroenterologia;Gastroenterología;2349
1,00E+13;HOSPITAL GENERAL DE AGUDOS D. VELEZ SARSFIELD;2019;;ginecologia;Tocoginecología;741
1,00E+13;HOSPITAL GENERAL DE AGUDOS D. VELEZ SARSFIELD;2019;;infectologia;Infectología;1891
1,00E+13;HOSPITAL GENERAL DE AGUDOS D. VELEZ SARSFIELD;2019;;infectologia_pediatrica;Infectología;180
1,00E+13;HOSPITAL GENERAL DE AGUDOS D. VELEZ SARSFIELD;2019;;medicina_general;Medicina General y Familiar;1
1,00E+13;HOSPITAL GENERAL DE AGUDOS D. VELEZ SARSFIELD;2019;;nefrologia;Nefrología;1679
1,00E+13;HOSPITAL GENERAL DE AGUDOS D. VELEZ SARSFIELD;2019;;neonatologia;Neonatología;911
1,00E+13;HOSPITAL GENERAL DE AGUDOS D. VELEZ SARSFIELD;2019;;neumonologia_pediatrica;Neumonología Pediátrica;570
1,00E+13;HOSPITAL GENERAL DE AGUDOS D. VELEZ SARSFIELD;2019;;neumonologia;Neumonología;1497
1,00E+13;HOSPITAL GENERAL DE AGUDOS D. VELEZ SARSFIELD;2019;;neurologia;Neurología;2358
1,00E+13;HOSPITAL GENERAL DE AGUDOS D. VELEZ SARSFIELD;2019;;neurologia_infantil;Neurología Pediátrica;46
1,00E+13;HOSPITAL GENERAL DE AGUDOS D. VELEZ SARSFIELD;2019;;obstetricia;Obstetricia;5862
1,00E+13;HOSPITAL GENERAL DE AGUDOS D. VELEZ SARSFIELD;2019;;oftalmologia;Oftalmología;7972
1,00E+13;HOSPITAL GENERAL DE AGUDOS D. VELEZ SARSFIELD;2019;;otorrinolaringologia;Otorrinolaringología;3969
1,00E+13;HOSPITAL GENERAL DE AGUDOS D. VELEZ SARSFIELD;2019;;pediatria;Pediatría;13077
1,00E+13;HOSPITAL GENERAL DE AGUDOS D. VELEZ SARSFIELD;2019;;proctologia;Proctología;230
1,00E+13;HOSPITAL GENERAL DE AGUDOS D. VELEZ SARSFIELD;2019;;promocion_y_proteccion;Promoción;5683
1,00E+13;HOSPITAL GENERAL DE AGUDOS D. VELEZ SARSFIELD;2019;;psiquiatria;Psiquiatría;160
1,00E+13;HOSPITAL GENERAL DE AGUDOS D. VELEZ SARSFIELD;2019;;urologia;Urología;2348
1,00E+13;HOSPITAL GENERAL DE AGUDOS D. VELEZ SARSFIELD;2019;;reumatologia;Reumatología;1701
1,00E+13;HOSPITAL GENERAL DE AGUDOS D. VELEZ SARSFIELD;2019;;salud_mental;Salud Mental;1776
1,00E+13;HOSPITAL GENERAL DE AGUDOS D. VELEZ SARSFIELD;2019;;tocoginecologia;Tocoginecología;12908
1,00E+13;HOSPITAL GENERAL DE AGUDOS D. VELEZ SARSFIELD;2019;;traumatologia;Ortopedia y Traumatología;5980
1,00E+13;HOSPITAL GENERAL DE AGUDOS DONACION F. SANTOJANNI;2019;medicina;clinica_medica;Clínica Médica;7115
1,00E+13;HOSPITAL GENERAL DE AGUDOS DONACION F. SANTOJANNI;2019;medicina;clinica_medica_vesp;Clínica Médica;1714
1,00E+13;HOSPITAL GENERAL DE AGUDOS DONACION F. SANTOJANNI;2019;medicina;cardiologia;Cardiología;3503
1,00E+13;HOSPITAL GENERAL DE AGUDOS DONACION F. SANTOJANNI;2019;medicina;cardiologia_vesp;Cardiología;16
1,00E+13;HOSPITAL GENERAL DE AGUDOS DONACION F. SANTOJANNI;2019;medicina;hipertension;Cardiología;396
1,00E+13;HOSPITAL GENERAL DE AGUDOS DONACION F. SANTOJANNI;2019;medicina;arritmias;Cardiología;1484
1,00E+13;HOSPITAL GENERAL DE AGUDOS DONACION F. SANTOJANNI;2019;medicina;dermatologia;Dermatología;9005
1,00E+13;HOSPITAL GENERAL DE AGUDOS DONACION F. SANTOJANNI;2019;medicina;dermatologia_vesp;Dermatología;708
1,00E+13;HOSPITAL GENERAL DE AGUDOS DONACION F. SANTOJANNI;2019;medicina;tisiologia;Neumonología;8936
1,00E+13;HOSPITAL GENERAL DE AGUDOS DONACION F. SANTOJANNI;2019;medicina;tisiologia_vesp;Neumonología;3
1,00E+13;HOSPITAL GENERAL DE AGUDOS DONACION F. SANTOJANNI;2019;medicina;hematologia;Hematología;8984
1,00E+13;HOSPITAL GENERAL DE AGUDOS DONACION F. SANTOJANNI;2019;medicina;hematologia_vesp;Hematología;99
1,00E+13;HOSPITAL GENERAL DE AGUDOS DONACION F. SANTOJANNI;2019;medicina;neurologia;Neurología;3441
1,00E+13;HOSPITAL GENERAL DE AGUDOS DONACION F. SANTOJANNI;2019;medicina;neurologia_vesp;Neurología;101
1,00E+13;HOSPITAL GENERAL DE AGUDOS DONACION F. SANTOJANNI;2019;medicina;gastroenterologia;Gastroenterología;3655
1,00E+13;HOSPITAL GENERAL DE AGUDOS DONACION F. SANTOJANNI;2019;medicina;gastroenterologia_vesp;Gastroenterología;25
1,00E+13;HOSPITAL GENERAL DE AGUDOS DONACION F. SANTOJANNI;2019;medicina;oncologia;Oncología;4865
1,00E+13;HOSPITAL GENERAL DE AGUDOS DONACION F. SANTOJANNI;2019;medicina;enfermedad_de_chagas;Infectología;195
1,00E+13;HOSPITAL GENERAL DE AGUDOS DONACION F. SANTOJANNI;2019;medicina;reumatologia;Reumatología;3278
1,00E+13;HOSPITAL GENERAL DE AGUDOS DONACION F. SANTOJANNI;2019;medicina;diabetes;Diabetología;7053
1,00E+13;HOSPITAL GENERAL DE AGUDOS DONACION F. SANTOJANNI;2019;medicina;endocrinologia;Endocrinología;5295
1,00E+13;HOSPITAL GENERAL DE AGUDOS DONACION F. SANTOJANNI;2019;medicina;infectologia;Infectología;5613
1,00E+13;HOSPITAL GENERAL DE AGUDOS DONACION F. SANTOJANNI;2019;medicina;nutricion;Nutrición;218
1,00E+13;HOSPITAL GENERAL DE AGUDOS DONACION F. SANTOJANNI;2019;medicina;nefrologia;Nefrología;3775
1,00E+13;HOSPITAL GENERAL DE AGUDOS DONACION F. SANTOJANNI;2019;medicina;alergia;Alergia e Inmunología;2618
1,00E+13;HOSPITAL GENERAL DE AGUDOS DONACION F. SANTOJANNI;2019;cirugia;cirugia_general;Cirugía General;728
1,00E+13;HOSPITAL GENERAL DE AGUDOS DONACION F. SANTOJANNI;2019;cirugia;cirugia_general_vesp;Cirugía General;347
1,00E+13;HOSPITAL GENERAL DE AGUDOS DONACION F. SANTOJANNI;2019;cirugia;ginecologia_oncologica;Tocoginecología;97
1,00E+13;HOSPITAL GENERAL DE AGUDOS DONACION F. SANTOJANNI;2019;cirugia;procreacion_responsable;Promoción;12
1,00E+13;HOSPITAL GENERAL DE AGUDOS DONACION F. SANTOJANNI;2019;cirugia;ginecologia;Tocoginecología;1808
1,00E+13;HOSPITAL GENERAL DE AGUDOS DONACION F. SANTOJANNI;2019;cirugia;ginecologia_vesp;Tocoginecología;646
1,00E+13;HOSPITAL GENERAL DE AGUDOS DONACION F. SANTOJANNI;2019;cirugia;ginecologia_adolescentes;Adolescencia;387
1,00E+13;HOSPITAL GENERAL DE AGUDOS DONACION F. SANTOJANNI;2019;cirugia;urologia;Urología;2033
1,00E+13;HOSPITAL GENERAL DE AGUDOS DONACION F. SANTOJANNI;2019;cirugia;urologia_vesp;Urología;191
1,00E+13;HOSPITAL GENERAL DE AGUDOS DONACION F. SANTOJANNI;2019;cirugia;ortopedia_y_traumatologia;Ortopedia y Traumatología;3466
1,00E+13;HOSPITAL GENERAL DE AGUDOS DONACION F. SANTOJANNI;2019;cirugia;ortopedia_y_traumatologia_vesp;Ortopedia y Traumatología;471
1,00E+13;HOSPITAL GENERAL DE AGUDOS DONACION F. SANTOJANNI;2019;cirugia;traumatologia_de_miembros_superiores;Ortopedia y Traumatología;866
1,00E+13;HOSPITAL GENERAL DE AGUDOS DONACION F. SANTOJANNI;2019;cirugia;oftalmologia;Oftalmología;1890
1,00E+13;HOSPITAL GENERAL DE AGUDOS DONACION F. SANTOJANNI;2019;cirugia;oftalmologia_vesp;Oftalmología;592
1,00E+13;HOSPITAL GENERAL DE AGUDOS DONACION F. SANTOJANNI;2019;cirugia;otorrinolaringologia;Otorrinolaringología;3171
1,00E+13;HOSPITAL GENERAL DE AGUDOS DONACION F. SANTOJANNI;2019;cirugia;cirugia_de_las_vias_biliares;Cirugía General;564
1,00E+13;HOSPITAL GENERAL DE AGUDOS DONACION F. SANTOJANNI;2019;cirugia;cirugia_plastica;Cirugía Plástica;1744
1,00E+13;HOSPITAL GENERAL DE AGUDOS DONACION F. SANTOJANNI;2019;cirugia;proctologia;Proctología;644
1,00E+13;HOSPITAL GENERAL DE AGUDOS DONACION F. SANTOJANNI;2019;cirugia;cirugia_maxilofacial;Cirugía Maxilofacial;346
1,00E+13;HOSPITAL GENERAL DE AGUDOS DONACION F. SANTOJANNI;2019;cirugia;cirugia_vascular_periferica;Cirugía Vascular Periférico;1227
1,00E+13;HOSPITAL GENERAL DE AGUDOS DONACION F. SANTOJANNI;2019;cirugia;cirugia_paredes;Cirugía General;488
1,00E+13;HOSPITAL GENERAL DE AGUDOS DONACION F. SANTOJANNI;2019;cirugia;neurocirugia;Neurocirugía;1257
1,00E+13;HOSPITAL GENERAL DE AGUDOS DONACION F. SANTOJANNI;2019;cirugia;cirugia_cardiovascular;Cirugía de Tórax y Cardiovascular;640
1,00E+13;HOSPITAL GENERAL DE AGUDOS DONACION F. SANTOJANNI;2019;cirugia;patologia_cervical;Tocoginecología;506
1,00E+13;HOSPITAL GENERAL DE AGUDOS DONACION F. SANTOJANNI;2019;cirugia;patologia_mamaria;Tocoginecología;1310
1,00E+13;HOSPITAL GENERAL DE AGUDOS DONACION F. SANTOJANNI;2019;cirugia;climaterio;Tocoginecología;188
1,00E+13;HOSPITAL GENERAL DE AGUDOS DONACION F. SANTOJANNI;2019;pediatria;pediatria;Pediatría;16216
1,00E+13;HOSPITAL GENERAL DE AGUDOS DONACION F. SANTOJANNI;2019;pediatria;pediatria_vesp;Pediatría;920
1,00E+13;HOSPITAL GENERAL DE AGUDOS DONACION F. SANTOJANNI;2019;pediatria;neonatologia;Neonatología;3540
1,00E+13;HOSPITAL GENERAL DE AGUDOS DONACION F. SANTOJANNI;2019;pediatria;adolescencia;Adolescencia;578
1,00E+13;HOSPITAL GENERAL DE AGUDOS DONACION F. SANTOJANNI;2019;pediatria;infectologia;Infectología;1623
1,00E+13;HOSPITAL GENERAL DE AGUDOS DONACION F. SANTOJANNI;2019;pediatria;genetica;Genética;161
1,00E+13;HOSPITAL GENERAL DE AGUDOS DONACION F. SANTOJANNI;2019;pediatria;gastroenterologia;Gastroenterología;788
1,00E+13;HOSPITAL GENERAL DE AGUDOS DONACION F. SANTOJANNI;2019;pediatria;cirugia;Cirugía General;131
1,00E+13;HOSPITAL GENERAL DE AGUDOS DONACION F. SANTOJANNI;2019;pediatria;cardiologia_infantil;Cardiología Pediátrica;2012
1,00E+13;HOSPITAL GENERAL DE AGUDOS DONACION F. SANTOJANNI;2019;tocoginecologia;obstetricia;Obstetricia;1429
1,00E+13;HOSPITAL GENERAL DE AGUDOS DONACION F. SANTOJANNI;2019;tocoginecologia;obstetricia_vesp;Obstetricia;133
1,00E+13;HOSPITAL GENERAL DE AGUDOS DONACION F. SANTOJANNI;2019;tocoginecologia;obstetricia_alto_riesgo;Obstetricia;161
1,00E+13;HOSPITAL GENERAL DE AGUDOS DONACION F. SANTOJANNI;2019;urgencia;guardia_del_dia;Guardia;419042
1,00E+13;HOSPITAL GENERAL DE AGUDOS DONACION F. SANTOJANNI;2019;promocion_y_proteccion;promocion_y_proteccion;Promoción;7291
1,00E+13;HOSPITAL GENERAL DE AGUDOS DONACION F. SANTOJANNI;2019;areas;area_salud_comunitaria;Promoción;3109
1,00E+13;HOSPITAL GENERAL DE AGUDOS DONACION F. SANTOJANNI;2019;areas;area_inmunizaciones;Promoción;48150
1,00E+13;HOSPITAL GENERAL DE AGUDOS DR C. ARGERICH;2019;medicina;clinica_medica;Clínica Médica;5860
1,00E+13;HOSPITAL GENERAL DE AGUDOS DR C. ARGERICH;2019;medicina;clinica_medica_vesp;Clínica Médica;2870
1,00E+13;HOSPITAL GENERAL DE AGUDOS DR C. ARGERICH;2019;medicina;cardiologia;Cardiología;20202
1,00E+13;HOSPITAL GENERAL DE AGUDOS DR C. ARGERICH;2019;medicina;cardiologia_vesp;Cardiología;4478
1,00E+13;HOSPITAL GENERAL DE AGUDOS DR C. ARGERICH;2019;medicina;dermatologia;Dermatología;8673
1,00E+13;HOSPITAL GENERAL DE AGUDOS DR C. ARGERICH;2019;medicina;dermatologia_vesp;Dermatología;3784
1,00E+13;HOSPITAL GENERAL DE AGUDOS DR C. ARGERICH;2019;medicina;gastroenterologia;Gastroenterología;2901
1,00E+13;HOSPITAL GENERAL DE AGUDOS DR C. ARGERICH;2019;medicina;gastroenterologia_vesp;Gastroenterología;478
1,00E+13;HOSPITAL GENERAL DE AGUDOS DR C. ARGERICH;2019;medicina;hematologia;Hematología;4388
1,00E+13;HOSPITAL GENERAL DE AGUDOS DR C. ARGERICH;2019;medicina;hematologia_vesp;Hematología;2044
1,00E+13;HOSPITAL GENERAL DE AGUDOS DR C. ARGERICH;2019;medicina;infectologia;Infectología;35837
1,00E+13;HOSPITAL GENERAL DE AGUDOS DR C. ARGERICH;2019;medicina;infectologia_vesp;Infectología;6498
1,00E+13;HOSPITAL GENERAL DE AGUDOS DR C. ARGERICH;2019;medicina;hepatologia;Hepatología;2560
1,00E+13;HOSPITAL GENERAL DE AGUDOS DR C. ARGERICH;2019;medicina;endocrinologia;Endocrinología;8135
1,00E+13;HOSPITAL GENERAL DE AGUDOS DR C. ARGERICH;2019;medicina;endocrinologia_vesp;Endocrinología;2938
1,00E+13;HOSPITAL GENERAL DE AGUDOS DR C. ARGERICH;2019;medicina;nefrologia;Nefrología;2206
1,00E+13;HOSPITAL GENERAL DE AGUDOS DR C. ARGERICH;2019;medicina;nefrologia_vesp;Nefrología;872
1,00E+13;HOSPITAL GENERAL DE AGUDOS DR C. ARGERICH;2019;medicina;reumatologia;Reumatología;3244
1,00E+13;HOSPITAL GENERAL DE AGUDOS DR C. ARGERICH;2019;medicina;reumatologia_vesp;Reumatología;490
1,00E+13;HOSPITAL GENERAL DE AGUDOS DR C. ARGERICH;2019;medicina;neurologia;Neurología;5315
1,00E+13;HOSPITAL GENERAL DE AGUDOS DR C. ARGERICH;2019;medicina;neurologia_vesp;Neurología;2365
1,00E+13;HOSPITAL GENERAL DE AGUDOS DR C. ARGERICH;2019;medicina;adolescencia;Adolescencia;4145
1,00E+13;HOSPITAL GENERAL DE AGUDOS DR C. ARGERICH;2019;medicina;adolescencia_vesp;Adolescencia;2149
1,00E+13;HOSPITAL GENERAL DE AGUDOS DR C. ARGERICH;2019;medicina;neumotisiologia;Neumonología;3499
1,00E+13;HOSPITAL GENERAL DE AGUDOS DR C. ARGERICH;2019;medicina;neumotisiologia_vesp;Neumonología;1574
1,00E+13;HOSPITAL GENERAL DE AGUDOS DR C. ARGERICH;2019;medicina;oncologia_medica;Oncología;3134
1,00E+13;HOSPITAL GENERAL DE AGUDOS DR C. ARGERICH;2019;medicina;cuidados_paliativos;Paliativos;2759
1,00E+13;HOSPITAL GENERAL DE AGUDOS DR C. ARGERICH;2019;medicina;alergia;Alergia e Inmunología;2690
1,00E+13;HOSPITAL GENERAL DE AGUDOS DR C. ARGERICH;2019;medicina;cesacion_tabaquica;Promoción;378
1,00E+13;HOSPITAL GENERAL DE AGUDOS DR C. ARGERICH;2019;medicina;cesacion_tabaquica_vesp;Promoción;406
1,00E+13;HOSPITAL GENERAL DE AGUDOS DR C. ARGERICH;2019;cirugia;cirugia_general;Cirugía General;6759
1,00E+13;HOSPITAL GENERAL DE AGUDOS DR C. ARGERICH;2019;cirugia;cirugia_general_vesp;Cirugía General;150
1,00E+13;HOSPITAL GENERAL DE AGUDOS DR C. ARGERICH;2019;cirugia;cirugia_plastica;Cirugía Plástica;13171
1,00E+13;HOSPITAL GENERAL DE AGUDOS DR C. ARGERICH;2019;cirugia;ginecologia;Tocoginecología;11530
1,00E+13;HOSPITAL GENERAL DE AGUDOS DR C. ARGERICH;2019;cirugia;ginecologia_vesp;Tocoginecología;4782
1,00E+13;HOSPITAL GENERAL DE AGUDOS DR C. ARGERICH;2019;cirugia;urologia;Urología;3150
1,00E+13;HOSPITAL GENERAL DE AGUDOS DR C. ARGERICH;2019;cirugia;ortopedia_y_traumatologia;Ortopedia y Traumatología;4745
1,00E+13;HOSPITAL GENERAL DE AGUDOS DR C. ARGERICH;2019;cirugia;ortopedia_y_traumatologia_vesp;Ortopedia y Traumatología;2337
1,00E+13;HOSPITAL GENERAL DE AGUDOS DR C. ARGERICH;2019;cirugia;columna_vertebral;Ortopedia y Traumatología;1498
1,00E+13;HOSPITAL GENERAL DE AGUDOS DR C. ARGERICH;2019;cirugia;oftalmologia;Oftalmología;2833
1,00E+13;HOSPITAL GENERAL DE AGUDOS DR C. ARGERICH;2019;cirugia;oftalomologia_vesp;Oftalmología;1174
1,00E+13;HOSPITAL GENERAL DE AGUDOS DR C. ARGERICH;2019;cirugia;otorrinolaringologia;Otorrinolaringología;2451
1,00E+13;HOSPITAL GENERAL DE AGUDOS DR C. ARGERICH;2019;cirugia;otorrinolaringologia_vesp;Otorrinolaringología;804
1,00E+13;HOSPITAL GENERAL DE AGUDOS DR C. ARGERICH;2019;cirugia;neurocirugia;Neurocirugía;965
1,00E+13;HOSPITAL GENERAL DE AGUDOS DR C. ARGERICH;2019;cirugia;vascular_periferico;Cirugía Vascular Periférico;948
1,00E+13;HOSPITAL GENERAL DE AGUDOS DR C. ARGERICH;2019;cirugia;cicatrizacion_y_cuidado_de_heridas_cronicas_gt;Cirugía General;1055
1,00E+13;HOSPITAL GENERAL DE AGUDOS DR C. ARGERICH;2019;cirugia;cirugia_cardiovascular;Cirugía de Tórax y Cardiovascular;1835
1,00E+13;HOSPITAL GENERAL DE AGUDOS DR C. ARGERICH;2019;cirugia;transplante_renal;Transplante;2398
1,00E+13;HOSPITAL GENERAL DE AGUDOS DR C. ARGERICH;2019;cirugia;transplante_renal_vesp;Transplante;419
1,00E+13;HOSPITAL GENERAL DE AGUDOS DR C. ARGERICH;2019;cirugia;transplante_cardiaco;Transplante;1603
1,00E+13;HOSPITAL GENERAL DE AGUDOS DR C. ARGERICH;2019;cirugia;transplante_hepatico;Transplante;2613
1,00E+13;HOSPITAL GENERAL DE AGUDOS DR C. ARGERICH;2019;pediatria;pediatria;Pediatría;7638
1,00E+13;HOSPITAL GENERAL DE AGUDOS DR C. ARGERICH;2019;pediatria;pediatria_vesp;Pediatría;3607
1,00E+13;HOSPITAL GENERAL DE AGUDOS DR C. ARGERICH;2019;pediatria;neonatologia;Neonatología;4576
1,00E+13;HOSPITAL GENERAL DE AGUDOS DR C. ARGERICH;2019;tocoginecologia;obstetricia;Obstetricia;5048
1,00E+13;HOSPITAL GENERAL DE AGUDOS DR C. ARGERICH;2019;tocoginecologia;obstetricia_vesp;Obstetricia;2752
1,00E+13;HOSPITAL GENERAL DE AGUDOS DR C. ARGERICH;2019;urgencia;guardia_del_dia;Guardia;278998
1,00E+13;HOSPITAL GENERAL DE AGUDOS DR C. ARGERICH;2019;promocion_y_proteccion;promocion_y_proteccion;Promoción;11059
1,00E+13;HOSPITAL GENERAL DE AGUDOS DR. C. DURAND;2019;medicina;clinica_medica;Clínica Médica;13963
1,00E+13;HOSPITAL GENERAL DE AGUDOS DR. C. DURAND;2019;medicina;clinica_medica_vesp;Clínica Médica;149
1,00E+13;HOSPITAL GENERAL DE AGUDOS DR. C. DURAND;2019;medicina;infectologia_g_de_trabajo;Infectología;7234
1,00E+13;HOSPITAL GENERAL DE AGUDOS DR. C. DURAND;2019;medicina;neurologia;Neurología;5277
1,00E+13;HOSPITAL GENERAL DE AGUDOS DR. C. DURAND;2019;medicina;cardiologia;Cardiología;13023
1,00E+13;HOSPITAL GENERAL DE AGUDOS DR. C. DURAND;2019;medicina;hemodinamia;Hemodinamia;1819
1,00E+13;HOSPITAL GENERAL DE AGUDOS DR. C. DURAND;2019;medicina;dermatologia;Dermatología;13545
1,00E+13;HOSPITAL GENERAL DE AGUDOS DR. C. DURAND;2019;medicina;gastroenterologia_vesp;Gastroenterología;8021
1,00E+13;HOSPITAL GENERAL DE AGUDOS DR. C. DURAND;2019;medicina;inmunologia;Alergia e Inmunología;4402
1,00E+13;HOSPITAL GENERAL DE AGUDOS DR. C. DURAND;2019;medicina;nutricion;Nutrición;8650
1,00E+13;HOSPITAL GENERAL DE AGUDOS DR. C. DURAND;2019;medicina;reumatologia;Reumatología;5588
1,00E+13;HOSPITAL GENERAL DE AGUDOS DR. C. DURAND;2019;medicina;alergia;Alergia e Inmunología;5510
1,00E+13;HOSPITAL GENERAL DE AGUDOS DR. C. DURAND;2019;medicina;hematologia;Hematología;20280
1,00E+13;HOSPITAL GENERAL DE AGUDOS DR. C. DURAND;2019;medicina;geriatria;Geriatría;2559
1,00E+13;HOSPITAL GENERAL DE AGUDOS DR. C. DURAND;2019;medicina;neumotisiologia;Neumonología;4655
1,00E+13;HOSPITAL GENERAL DE AGUDOS DR. C. DURAND;2019;medicina;nefrologia;Nefrología;12788
1,00E+13;HOSPITAL GENERAL DE AGUDOS DR. C. DURAND;2019;medicina;oncologia;Oncología;8928
1,00E+13;HOSPITAL GENERAL DE AGUDOS DR. C. DURAND;2019;medicina;endocrinologia;Endocrinología;8358
1,00E+13;HOSPITAL GENERAL DE AGUDOS DR. C. DURAND;2019;medicina;reproduccion_humana_g_de_trabajo;Tocoginecología;2648
1,00E+13;HOSPITAL GENERAL DE AGUDOS DR. C. DURAND;2019;medicina;tiroides_g_de_trabajo;Endocrinología;7855
1,00E+13;HOSPITAL GENERAL DE AGUDOS DR. C. DURAND;2019;medicina;cesacion_tabaquica;Promoción;4
1,00E+13;HOSPITAL GENERAL DE AGUDOS DR. C. DURAND;2019;cirugia;cirugia_general;Cirugía General;3331
1,00E+13;HOSPITAL GENERAL DE AGUDOS DR. C. DURAND;2019;cirugia;cirugia_general_vesp;Cirugía General;1030
1,00E+13;HOSPITAL GENERAL DE AGUDOS DR. C. DURAND;2019;cirugia;cirugia_toracica_g_de_trabajo;Cirugía de Tórax y Cardiovascular;71
1,00E+13;HOSPITAL GENERAL DE AGUDOS DR. C. DURAND;2019;cirugia;urologia;Urología;10287
1,00E+13;HOSPITAL GENERAL DE AGUDOS DR. C. DURAND;2019;cirugia;ortopedia_y_traumatologia;Ortopedia y Traumatología;6946
1,00E+13;HOSPITAL GENERAL DE AGUDOS DR. C. DURAND;2019;cirugia;oftalmologia;Oftalmología;8973
1,00E+13;HOSPITAL GENERAL DE AGUDOS DR. C. DURAND;2019;cirugia;otorrinolaringologia;Otorrinolaringología;10381
1,00E+13;HOSPITAL GENERAL DE AGUDOS DR. C. DURAND;2019;cirugia;vascular_periferico;Cirugía Vascular Periférico;1568
1,00E+13;HOSPITAL GENERAL DE AGUDOS DR. C. DURAND;2019;cirugia;cirugia_plastica;Cirugía Plástica;1298
1,00E+13;HOSPITAL GENERAL DE AGUDOS DR. C. DURAND;2019;pediatria;pediatria;Pediatría;22928
1,00E+13;HOSPITAL GENERAL DE AGUDOS DR. C. DURAND;2019;pediatria;pediatria_vesp;Pediatría;285
1,00E+13;HOSPITAL GENERAL DE AGUDOS DR. C. DURAND;2019;pediatria;aprendizaje_y_desarrollo_g_de_trabajo;Pediatría;1133
1,00E+13;HOSPITAL GENERAL DE AGUDOS DR. C. DURAND;2019;pediatria;cirugia;Cirugía General Pediátrica;92
1,00E+13;HOSPITAL GENERAL DE AGUDOS DR. C. DURAND;2019;pediatria;adolescencia;Adolescencia;3971
1,00E+13;HOSPITAL GENERAL DE AGUDOS DR. C. DURAND;2019;pediatria;adolescencia_vesp;Adolescencia;90
1,00E+13;HOSPITAL GENERAL DE AGUDOS DR. C. DURAND;2019;pediatria;seguimiento_recien_nacido_prematuro;Neonatología;34
1,00E+13;HOSPITAL GENERAL DE AGUDOS DR. C. DURAND;2019;tocoginecologia;tocoginecologia;Tocoginecología;29121
1,00E+13;HOSPITAL GENERAL DE AGUDOS DR. C. DURAND;2019;tocoginecologia;tocoginecologia_vesp;Tocoginecología;582
1,00E+13;HOSPITAL GENERAL DE AGUDOS DR. C. DURAND;2019;tocoginecologia;climaterio_g_de_trabajo;Tocoginecología;81
1,00E+13;HOSPITAL GENERAL DE AGUDOS DR. C. DURAND;2019;tocoginecologia;patologia_mamaria_g_de_trabajo;Tocoginecología;156
1,00E+13;HOSPITAL GENERAL DE AGUDOS DR. C. DURAND;2019;tocoginecologia;patologia_cervical_g_de_trabajo;Tocoginecología;119
1,00E+13;HOSPITAL GENERAL DE AGUDOS DR. C. DURAND;2019;urgencia;guardia_del_dia;Guardia;58445
1,00E+13;HOSPITAL GENERAL DE AGUDOS DR. C. DURAND;2019;urgencia;guardia_del_dia_ninos;Guardia Pediátrica;19805
1,00E+13;HOSPITAL GENERAL DE AGUDOS DR. C. DURAND;2019;promocion_y_proteccion;promocion_y_proteccion;Promoción;3145
1,00E+13;HOSPITAL GENERAL DE AGUDOS DR. C. DURAND;2019;promocion_y_proteccion;profilaxis_rabia_humana;Infectología;7540
1,00E+13;HOSPITAL GENERAL DE AGUDOS DR. C. DURAND;2019;areas;area_salud_escolar;Promoción;12802
1,00E+13;HOSPITAL GENERAL DE AGUDOS DR. C. DURAND;2019;areas;area_salud_comunitaria;Promoción;5055
1,00E+13;HOSPITAL GENERAL DE AGUDOS DR. C. DURAND;2019;areas;area_epidemiologia;Promoción;1753
1,00E+13;HOSPITAL GENERAL DE AGUDOS DR. C. DURAND;2019;areas;area_inmunizaciones;Promoción;356
1,00E+13;HOSPITAL GENERAL DE AGUDOS DR. C. DURAND;2019;plan_medico_de_cabecera;medico_de_cabecera_clinica_medica;Clínica Médica;6079
1,00E+13;HOSPITAL GENERAL DE AGUDOS DR. C. DURAND;2019;plan_medico_de_cabecera;medico_de_cabecera_pediatria;Pediatría;2165
1,00E+13;HOSPITAL GENERAL DE AGUDOS DR. C. DURAND;2019;plan_medico_de_cabecera;medico_de_cabecera_tocoginecologia;Tocoginecología;2532
1,00E+13;HOSPITAL GENERAL DE AGUDOS DR. E. TORNU;2019;medicina;neumotisiologia;Neumonología;4860
1,00E+13;HOSPITAL GENERAL DE AGUDOS DR. E. TORNU;2019;medicina;clinica_medica;Clínica Médica;8921
1,00E+13;HOSPITAL GENERAL DE AGUDOS DR. E. TORNU;2019;medicina;clinica_medica_vesp;Clínica Médica;5756
1,00E+13;HOSPITAL GENERAL DE AGUDOS DR. E. TORNU;2019;medicina;cardiologia;Cardiología;7950
1,00E+13;HOSPITAL GENERAL DE AGUDOS DR. E. TORNU;2019;medicina;cardiologia_vesp;Cardiología;134
1,00E+13;HOSPITAL GENERAL DE AGUDOS DR. E. TORNU;2019;medicina;dermatologia;Dermatología;11783
1,00E+13;HOSPITAL GENERAL DE AGUDOS DR. E. TORNU;2019;medicina;dermatologia_vesp;Dermatología;3191
1,00E+13;HOSPITAL GENERAL DE AGUDOS DR. E. TORNU;2019;medicina;gastroenterologia;Gastroenterología;1217
1,00E+13;HOSPITAL GENERAL DE AGUDOS DR. E. TORNU;2019;medicina;gastroenterologia_vesp;Gastroenterología;1287
1,00E+13;HOSPITAL GENERAL DE AGUDOS DR. E. TORNU;2019;medicina;neurologia;Neurología;3826
1,00E+13;HOSPITAL GENERAL DE AGUDOS DR. E. TORNU;2019;medicina;neurologia_vesp;Neurología;847
1,00E+13;HOSPITAL GENERAL DE AGUDOS DR. E. TORNU;2019;medicina;nutricion_grupo_de_trabajo;Nutrición;4876
1,00E+13;HOSPITAL GENERAL DE AGUDOS DR. E. TORNU;2019;medicina;nutricion_grupo_de_trabajo_vesp;Nutrición;211
1,00E+13;HOSPITAL GENERAL DE AGUDOS DR. E. TORNU;2019;medicina;patologia_bronquial;Neumonología;1148
1,00E+13;HOSPITAL GENERAL DE AGUDOS DR. E. TORNU;2019;medicina;reumatologia;Reumatología;7788
1,00E+13;HOSPITAL GENERAL DE AGUDOS DR. E. TORNU;2019;medicina;reumatologia_vesp;Reumatología;2040
1,00E+13;HOSPITAL GENERAL DE AGUDOS DR. E. TORNU;2019;medicina;infectologia;Infectología;14179
1,00E+13;HOSPITAL GENERAL DE AGUDOS DR. E. TORNU;2019;medicina;hematologia;Hematología;8758
1,00E+13;HOSPITAL GENERAL DE AGUDOS DR. E. TORNU;2019;medicina;inmunologia_y_alergia;Alergia e Inmunología;447
1,00E+13;HOSPITAL GENERAL DE AGUDOS DR. E. TORNU;2019;medicina;oncologia;Oncología;6081
1,00E+13;HOSPITAL GENERAL DE AGUDOS DR. E. TORNU;2019;medicina;endocrinologia;Endocrinología;5071
1,00E+13;HOSPITAL GENERAL DE AGUDOS DR. E. TORNU;2019;medicina;cuidados_paliativos;Paliativos;9293
1,00E+13;HOSPITAL GENERAL DE AGUDOS DR. E. TORNU;2019;medicina;infectologia_vesp;Infectología;1120
1,00E+13;HOSPITAL GENERAL DE AGUDOS DR. E. TORNU;2019;cirugia;cirugia_toracica;Cirugía de Tórax y Cardiovascular;47
1,00E+13;HOSPITAL GENERAL DE AGUDOS DR. E. TORNU;2019;cirugia;cirugia_general;Cirugía General;522
1,00E+13;HOSPITAL GENERAL DE AGUDOS DR. E. TORNU;2019;cirugia;cirugia_general_vesp;Cirugía General;865
1,00E+13;HOSPITAL GENERAL DE AGUDOS DR. E. TORNU;2019;cirugia;cirugia_vascular;Cirugía Vascular Periférico;1416
1,00E+13;HOSPITAL GENERAL DE AGUDOS DR. E. TORNU;2019;cirugia;coloproctologia;Proctología;510
1,00E+13;HOSPITAL GENERAL DE AGUDOS DR. E. TORNU;2019;cirugia;urologia;Urología;4070
1,00E+13;HOSPITAL GENERAL DE AGUDOS DR. E. TORNU;2019;cirugia;urologia_vesp;Urología;328
1,00E+13;HOSPITAL GENERAL DE AGUDOS DR. E. TORNU;2019;cirugia;ortopedia_y_traumatologia;Ortopedia y Traumatología;4012
1,00E+13;HOSPITAL GENERAL DE AGUDOS DR. E. TORNU;2019;cirugia;ortopedia_y_traumatologia_vesp;Ortopedia y Traumatología;1244
1,00E+13;HOSPITAL GENERAL DE AGUDOS DR. E. TORNU;2019;cirugia;oftalmologia;Oftalmología;7636
1,00E+13;HOSPITAL GENERAL DE AGUDOS DR. E. TORNU;2019;cirugia;oftalmologia_vesp;Oftalmología;645
1,00E+13;HOSPITAL GENERAL DE AGUDOS DR. E. TORNU;2019;cirugia;otorrinolaringologia;Otorrinolaringología;6782
1,00E+13;HOSPITAL GENERAL DE AGUDOS DR. E. TORNU;2019;cirugia;otorrinolaringologia_vesp;Otorrinolaringología;652
1,00E+13;HOSPITAL GENERAL DE AGUDOS DR. E. TORNU;2019;cirugia;patologia_mamaria;Tocoginecología;1083
1,00E+13;HOSPITAL GENERAL DE AGUDOS DR. E. TORNU;2019;cirugia;ginecologia;Tocoginecología;6733
1,00E+13;HOSPITAL GENERAL DE AGUDOS DR. E. TORNU;2019;cirugia;ginecologia_vesp;Tocoginecología;1539
1,00E+13;HOSPITAL GENERAL DE AGUDOS DR. E. TORNU;2019;cirugia;cirugia_plastica;Cirugía Plástica;3062
1,00E+13;HOSPITAL GENERAL DE AGUDOS DR. E. TORNU;2019;pediatria;pediatria;Pediatría;11201
1,00E+13;HOSPITAL GENERAL DE AGUDOS DR. E. TORNU;2019;pediatria;pediatria_vesp;Pediatría;9400
1,00E+13;HOSPITAL GENERAL DE AGUDOS DR. E. TORNU;2019;pediatria;adolescencia;Adolescencia;1802
1,00E+13;HOSPITAL GENERAL DE AGUDOS DR. E. TORNU;2019;pediatria;adolescencia_vesp;Adolescencia;1008
1,00E+13;HOSPITAL GENERAL DE AGUDOS DR. E. TORNU;2019;urgencia;guardia_del_dia;Guardia;49255
1,00E+13;HOSPITAL GENERAL DE AGUDOS DR. E. TORNU;2019;otras_especialidades;area_salud_escolar;Promoción;9116
1,00E+13;HOSPITAL GENERAL DE AGUDOS DR. E. TORNU;2019;otras_especialidades;area_salud_comunitaria;Promoción;10560
1,00E+13;HOSPITAL GENERAL DE AGUDOS DR. E. TORNU;2019;otras_especialidades;area_epidemiologia;Promoción;624
1,00E+13;HOSPITAL GENERAL DE AGUDOS DR. E. TORNU;2019;otras_especialidades;area_inmunizaciones;Promoción;2009
1,00E+13;HOSPITAL GENERAL DE AGUDOS DR. E. TORNU;2019;otras_especialidades;medico_de_cabecera_clinica_medica;Clínica Médica;1960
1,00E+13;HOSPITAL GENERAL DE AGUDOS DR. E. TORNU;2019;otras_especialidades;medico_de_cabecera_pediatria;Pediatría;812
1,00E+13;HOSPITAL GENERAL DE AGUDOS DR. E. TORNU;2019;otras_especialidades;medico_de_cabecera_tocoginecologia;Tocoginecología;726
1,00E+13;HOSPITAL GENERAL DE AGUDOS DR. E. TORNU;2019;promocion_y_proteccion;promocion_y_proteccion;Promoción;16966
1,00E+13;HOSPITAL GENERAL DE AGUDOS DR. I. PIROVANO;2019;medicina;clinica_medica;Clínica Médica;30823
1,00E+13;HOSPITAL GENERAL DE AGUDOS DR. I. PIROVANO;2019;medicina;alergia;Alergia e Inmunología;3397
1,00E+13;HOSPITAL GENERAL DE AGUDOS DR. I. PIROVANO;2019;medicina;cardiologia;Cardiología;30893
1,00E+13;HOSPITAL GENERAL DE AGUDOS DR. I. PIROVANO;2019;medicina;dermatologia;Dermatología;10185
1,00E+13;HOSPITAL GENERAL DE AGUDOS DR. I. PIROVANO;2019;medicina;psicopatologia_y_salud_mental;Salud Mental;14112
1,00E+13;HOSPITAL GENERAL DE AGUDOS DR. I. PIROVANO;2019;medicina;reumatologia;Reumatología;1271
1,00E+13;HOSPITAL GENERAL DE AGUDOS DR. I. PIROVANO;2019;medicina;neurologia;Neurología;8560
1,00E+13;HOSPITAL GENERAL DE AGUDOS DR. I. PIROVANO;2019;medicina;gastroenterologia;Gastroenterología;5094
1,00E+13;HOSPITAL GENERAL DE AGUDOS DR. I. PIROVANO;2019;medicina;endocrinologia;Endocrinología;11966
1,00E+13;HOSPITAL GENERAL DE AGUDOS DR. I. PIROVANO;2019;medicina;tisiologia;Neumonología;4742
1,00E+13;HOSPITAL GENERAL DE AGUDOS DR. I. PIROVANO;2019;medicina;oncologia;Oncología;21653
1,00E+13;HOSPITAL GENERAL DE AGUDOS DR. I. PIROVANO;2019;cirugia;cirugia_general;Cirugía General;5837
1,00E+13;HOSPITAL GENERAL DE AGUDOS DR. I. PIROVANO;2019;cirugia;cirugia_esofagica;Cirugía General;111
1,00E+13;HOSPITAL GENERAL DE AGUDOS DR. I. PIROVANO;2019;cirugia;ginecologia;Tocoginecología;26693
1,00E+13;HOSPITAL GENERAL DE AGUDOS DR. I. PIROVANO;2019;cirugia;cirugia_plastica;Cirugía Plástica;2512
1,00E+13;HOSPITAL GENERAL DE AGUDOS DR. I. PIROVANO;2019;cirugia;urologia;Urología;4352
1,00E+13;HOSPITAL GENERAL DE AGUDOS DR. I. PIROVANO;2019;cirugia;ortopedia_y_traumatologia;Ortopedia y Traumatología;10199
1,00E+13;HOSPITAL GENERAL DE AGUDOS DR. I. PIROVANO;2019;cirugia;oftalmologia;Oftalmología;9734
1,00E+13;HOSPITAL GENERAL DE AGUDOS DR. I. PIROVANO;2019;cirugia;otorrinolaringologia;Otorrinolaringología;7741
1,00E+13;HOSPITAL GENERAL DE AGUDOS DR. I. PIROVANO;2019;cirugia;neurocirugia;Neurocirugía;1217
1,00E+13;HOSPITAL GENERAL DE AGUDOS DR. I. PIROVANO;2019;cirugia;vascular_periferico;Cirugía Vascular Periférico;970
1,00E+13;HOSPITAL GENERAL DE AGUDOS DR. I. PIROVANO;2019;pediatria;pediatria;Pediatría;22136
1,00E+13;HOSPITAL GENERAL DE AGUDOS DR. I. PIROVANO;2019;tocoginecologia;obstetricia;Obstetricia;10240
1,00E+13;HOSPITAL GENERAL DE AGUDOS DR. I. PIROVANO;2019;urgencia;guardia_del_dia;Guardia;214085
1,00E+13;HOSPITAL GENERAL DE AGUDOS DR. I. PIROVANO;2019;otras_especialidades;medico_de_cabecera_clinica_medica;Clínica Médica;3266
1,00E+13;HOSPITAL GENERAL DE AGUDOS DR. I. PIROVANO;2019;otras_especialidades;medico_de_cabecera_pediatria;Pediatría;815
1,00E+13;HOSPITAL GENERAL DE AGUDOS DR. I. PIROVANO;2019;otras_especialidades;medico_de_cabecera_tocoginecologia;Tocoginecología;519
1,00E+13;HOSPITAL GENERAL DE AGUDOS DR. I. PIROVANO;2019;promocion_y_proteccion;promocion_y_proteccion;Promoción;9388
1,00E+13;HOSPITAL GENERAL DE AGUDOS DR. J. A. FERNANDEZ;2019;;alergia;Alergia e Inmunología;2399
1,00E+13;HOSPITAL GENERAL DE AGUDOS DR. J. A. FERNANDEZ;2019;;cardiologia;Cardiología;13746
1,00E+13;HOSPITAL GENERAL DE AGUDOS DR. J. A. FERNANDEZ;2019;;cirugia_general;Cirugía General;7913
1,00E+13;HOSPITAL GENERAL DE AGUDOS DR. J. A. FERNANDEZ;2019;;cirugia_plssstica_y_reparadora;Cirugía Plástica;3913
1,00E+13;HOSPITAL GENERAL DE AGUDOS DR. J. A. FERNANDEZ;2019;;clinica_medica;Clínica Médica;19196
1,00E+13;HOSPITAL GENERAL DE AGUDOS DR. J. A. FERNANDEZ;2019;;dermatologia;Dermatología;14566
1,00E+13;HOSPITAL GENERAL DE AGUDOS DR. J. A. FERNANDEZ;2019;;endocrinologia;Endocrinología;6381
1,00E+13;HOSPITAL GENERAL DE AGUDOS DR. J. A. FERNANDEZ;2019;;epidemiologia;Promoción;5968
1,00E+13;HOSPITAL GENERAL DE AGUDOS DR. J. A. FERNANDEZ;2019;;gastroenterologia;Gastroenterología;5790
1,00E+13;HOSPITAL GENERAL DE AGUDOS DR. J. A. FERNANDEZ;2019;;gincecologia;Tocoginecología;13976
1,00E+13;HOSPITAL GENERAL DE AGUDOS DR. J. A. FERNANDEZ;2019;;guardia;Guardia;77578
1,00E+13;HOSPITAL GENERAL DE AGUDOS DR. J. A. FERNANDEZ;2019;;infectologia;Infectología;16908
1,00E+13;HOSPITAL GENERAL DE AGUDOS DR. J. A. FERNANDEZ;2019;;inmunizaciones;Promoción;107
1,00E+13;HOSPITAL GENERAL DE AGUDOS DR. J. A. FERNANDEZ;2019;;medicina_escolar;Promoción;7281
1,00E+13;HOSPITAL GENERAL DE AGUDOS DR. J. A. FERNANDEZ;2019;;nefrologia;Nefrología;1921
1,00E+13;HOSPITAL GENERAL DE AGUDOS DR. J. A. FERNANDEZ;2019;;neonatologia;Neonatología;4880
1,00E+13;HOSPITAL GENERAL DE AGUDOS DR. J. A. FERNANDEZ;2019;;neumonologia_y_tisiologia;Neumonología;5121
1,00E+13;HOSPITAL GENERAL DE AGUDOS DR. J. A. FERNANDEZ;2019;;neurocirugia;Neurocirugía;2008
1,00E+13;HOSPITAL GENERAL DE AGUDOS DR. J. A. FERNANDEZ;2019;;neurologia;Neurología;6399
1,00E+13;HOSPITAL GENERAL DE AGUDOS DR. J. A. FERNANDEZ;2019;;nutricion;Nutrición;1988
1,00E+13;HOSPITAL GENERAL DE AGUDOS DR. J. A. FERNANDEZ;2019;;obstetricia;Obstetricia;8528
1,00E+13;HOSPITAL GENERAL DE AGUDOS DR. J. A. FERNANDEZ;2019;;oftalmologia;Oftalmología;6740
1,00E+13;HOSPITAL GENERAL DE AGUDOS DR. J. A. FERNANDEZ;2019;;oncologia;Oncología;9962
1,00E+13;HOSPITAL GENERAL DE AGUDOS DR. J. A. FERNANDEZ;2019;;ortopedia_y_traumatologia;Ortopedia y Traumatología;13668
1,00E+13;HOSPITAL GENERAL DE AGUDOS DR. J. A. FERNANDEZ;2019;;otorrinolaringologia;Otorrinolaringología;4322
1,00E+13;HOSPITAL GENERAL DE AGUDOS DR. J. A. FERNANDEZ;2019;;pediatria;Pediatría;12080
1,00E+13;HOSPITAL GENERAL DE AGUDOS DR. J. A. FERNANDEZ;2019;;promocion_y_proteccion;Promoción;81009
1,00E+13;HOSPITAL GENERAL DE AGUDOS DR. J. A. FERNANDEZ;2019;;salud_comunitaria;Promoción;4653
1,00E+13;HOSPITAL GENERAL DE AGUDOS DR. J. A. FERNANDEZ;2019;;tocoginecologia;Tocoginecología;594
1,00E+13;HOSPITAL GENERAL DE AGUDOS DR. J. A. FERNANDEZ;2019;;toxicologia;Toxicología;15989
1,00E+13;HOSPITAL GENERAL DE AGUDOS DR. J. A. FERNANDEZ;2019;;urologia;Urología;3575
1,00E+13;HOSPITAL GENERAL DE AGUDOS DR. J. A. FERNANDEZ;2019;;vascular_periferico;Cirugía Vascular Periférico;1622
1,00E+13;HOSPITAL GENERAL DE AGUDOS DR. T. ALVAREZ;2019;medicina;clinica_medica_vesp;Clínica Médica;5390
1,00E+13;HOSPITAL GENERAL DE AGUDOS DR. T. ALVAREZ;2019;medicina;clinica_medica;Clínica Médica;7480
1,00E+13;HOSPITAL GENERAL DE AGUDOS DR. T. ALVAREZ;2019;medicina;alergia_e_inmunidad;Alergia e Inmunología;1095
1,00E+13;HOSPITAL GENERAL DE AGUDOS DR. T. ALVAREZ;2019;medicina;gastroenterologia;Gastroenterología;3544
1,00E+13;HOSPITAL GENERAL DE AGUDOS DR. T. ALVAREZ;2019;medicina;oncologia;Oncología;5844
1,00E+13;HOSPITAL GENERAL DE AGUDOS DR. T. ALVAREZ;2019;medicina;nutricion_y_diabetes;Nutrición y Diabetes;1225
1,00E+13;HOSPITAL GENERAL DE AGUDOS DR. T. ALVAREZ;2019;medicina;nefrologia;Nefrología;1914
1,00E+13;HOSPITAL GENERAL DE AGUDOS DR. T. ALVAREZ;2019;medicina;alergia_e_inmunidad_vesp;Alergia e Inmunología;578
1,00E+13;HOSPITAL GENERAL DE AGUDOS DR. T. ALVAREZ;2019;medicina;gastroenterologia_vesp;Gastroenterología;1302
1,00E+13;HOSPITAL GENERAL DE AGUDOS DR. T. ALVAREZ;2019;medicina;neurologia;Neurología;12576
1,00E+13;HOSPITAL GENERAL DE AGUDOS DR. T. ALVAREZ;2019;medicina;neurologia_vesp;Neurología;547
1,00E+13;HOSPITAL GENERAL DE AGUDOS DR. T. ALVAREZ;2019;medicina;cardiologia;Cardiología;8318
1,00E+13;HOSPITAL GENERAL DE AGUDOS DR. T. ALVAREZ;2019;medicina;cardiologia_vesp;Cardiología;4675
1,00E+13;HOSPITAL GENERAL DE AGUDOS DR. T. ALVAREZ;2019;medicina;dermatologia;Dermatología;13422
1,00E+13;HOSPITAL GENERAL DE AGUDOS DR. T. ALVAREZ;2019;medicina;dermatologia_vesp;Dermatología;4988
1,00E+13;HOSPITAL GENERAL DE AGUDOS DR. T. ALVAREZ;2019;medicina;endocrinologia;Endocrinología;19145
1,00E+13;HOSPITAL GENERAL DE AGUDOS DR. T. ALVAREZ;2019;medicina;endocrinologia_vesp;Endocrinología;3564
1,00E+13;HOSPITAL GENERAL DE AGUDOS DR. T. ALVAREZ;2019;medicina;hematologia;Hematología;15762
1,00E+13;HOSPITAL GENERAL DE AGUDOS DR. T. ALVAREZ;2019;medicina;tisiologia;Neumonología;7439
1,00E+13;HOSPITAL GENERAL DE AGUDOS DR. T. ALVAREZ;2019;medicina;infectologia;Infectología;5090
1,00E+13;HOSPITAL GENERAL DE AGUDOS DR. T. ALVAREZ;2019;cirugia;cirugia_general;Cirugía General;4457
1,00E+13;HOSPITAL GENERAL DE AGUDOS DR. T. ALVAREZ;2019;cirugia;cirugia_general_vesp;Cirugía General;570
1,00E+13;HOSPITAL GENERAL DE AGUDOS DR. T. ALVAREZ;2019;cirugia;patologia_mamaria;Tocoginecología;1657
1,00E+13;HOSPITAL GENERAL DE AGUDOS DR. T. ALVAREZ;2019;cirugia;ginecologia;Tocoginecología;14613
1,00E+13;HOSPITAL GENERAL DE AGUDOS DR. T. ALVAREZ;2019;cirugia;ginecologia_vesp;Tocoginecología;864
1,00E+13;HOSPITAL GENERAL DE AGUDOS DR. T. ALVAREZ;2019;cirugia;urologia;Urología;8468
1,00E+13;HOSPITAL GENERAL DE AGUDOS DR. T. ALVAREZ;2019;cirugia;ortopedia_y_traumatologia;Ortopedia y Traumatología;7991
1,00E+13;HOSPITAL GENERAL DE AGUDOS DR. T. ALVAREZ;2019;cirugia;ortopedia_y_traumatologia_vesp;Ortopedia y Traumatología;6944
1,00E+13;HOSPITAL GENERAL DE AGUDOS DR. T. ALVAREZ;2019;cirugia;oftalmologia;Oftalmología;13752
1,00E+13;HOSPITAL GENERAL DE AGUDOS DR. T. ALVAREZ;2019;cirugia;otorrinolaringologia;Otorrinolaringología;6702
1,00E+13;HOSPITAL GENERAL DE AGUDOS DR. T. ALVAREZ;2019;cirugia;otorrinolaringologia_vesp;Otorrinolaringología;629
1,00E+13;HOSPITAL GENERAL DE AGUDOS DR. T. ALVAREZ;2019;cirugia;proctologia;Proctología;142
1,00E+13;HOSPITAL GENERAL DE AGUDOS DR. T. ALVAREZ;2019;pediatria;pediatria;Pediatría;18364
1,00E+13;HOSPITAL GENERAL DE AGUDOS DR. T. ALVAREZ;2019;pediatria;pediatria_vesp;Pediatría;8748
1,00E+13;HOSPITAL GENERAL DE AGUDOS DR. T. ALVAREZ;2019;pediatria;neonatologia;Neonatología;3291
1,00E+13;HOSPITAL GENERAL DE AGUDOS DR. T. ALVAREZ;2019;pediatria;adolescencia;Adolescencia;2045
1,00E+13;HOSPITAL GENERAL DE AGUDOS DR. T. ALVAREZ;2019;tocoginecologia;obstetricia;Obstetricia;7998
1,00E+13;HOSPITAL GENERAL DE AGUDOS DR. T. ALVAREZ;2019;tocoginecologia;obstetricia_vesp;Obstetricia;2656
1,00E+13;HOSPITAL GENERAL DE AGUDOS DR. T. ALVAREZ;2019;urgencia;guardia_del_dia;Guardia;187102
1,00E+13;HOSPITAL GENERAL DE AGUDOS DR. T. ALVAREZ;2019;otras_especialidades;area_salud_escolar;Promoción;12261
1,00E+13;HOSPITAL GENERAL DE AGUDOS DR. T. ALVAREZ;2019;otras_especialidades;area_salud_comunitaria;Promoción;2334
1,00E+13;HOSPITAL GENERAL DE AGUDOS DR. T. ALVAREZ;2019;otras_especialidades;area_epidemiologia;Promoción;4627
1,00E+13;HOSPITAL GENERAL DE AGUDOS DR. T. ALVAREZ;2019;otras_especialidades;area_inmunizaciones;Promoción;18583
1,00E+13;HOSPITAL GENERAL DE AGUDOS DR. T. ALVAREZ;2019;otras_especialidades;medico_de_cabecera_clinica_medica;Clínica Médica;6556
1,00E+13;HOSPITAL GENERAL DE AGUDOS DR. T. ALVAREZ;2019;otras_especialidades;medico_de_cabecera_pediatria;Pediatría;4682
1,00E+13;HOSPITAL GENERAL DE AGUDOS DR. T. ALVAREZ;2019;otras_especialidades;medico_de_cabecera_tocoginecologia;Tocoginecología;1925
1,00E+13;HOSPITAL GENERAL DE AGUDOS DR. T. ALVAREZ;2019;promocion_y_proteccion;promocion_y_proteccion;Promoción;40305
1,00E+13;HOSPITAL GENERAL DE AGUDOS J. A. PENNA;2019;medicina;clinica_medica;Clínica Médica;7829
1,00E+13;HOSPITAL GENERAL DE AGUDOS J. A. PENNA;2019;medicina;clinica_medica_vesp;Clínica Médica;10645
1,00E+13;HOSPITAL GENERAL DE AGUDOS J. A. PENNA;2019;medicina;cardiologia;Cardiología;9496
1,00E+13;HOSPITAL GENERAL DE AGUDOS J. A. PENNA;2019;medicina;cardiologia_vesp;Cardiología;1041
1,00E+13;HOSPITAL GENERAL DE AGUDOS J. A. PENNA;2019;medicina;dermatologia;Dermatología;10653
1,00E+13;HOSPITAL GENERAL DE AGUDOS J. A. PENNA;2019;medicina;dermatologia_vesp;Dermatología;1241
1,00E+13;HOSPITAL GENERAL DE AGUDOS J. A. PENNA;2019;medicina;tisiologia;Neumonología;6135
1,00E+13;HOSPITAL GENERAL DE AGUDOS J. A. PENNA;2019;medicina;reumatologia_grupo_de_trabajo;Reumatología;6458
1,00E+13;HOSPITAL GENERAL DE AGUDOS J. A. PENNA;2019;medicina;reumatologia_grupo_de_trabajo_vesp;Reumatología;589
1,00E+13;HOSPITAL GENERAL DE AGUDOS J. A. PENNA;2019;medicina;endocrinologia;Endocrinología;5244
1,00E+13;HOSPITAL GENERAL DE AGUDOS J. A. PENNA;2019;medicina;nutricion;Nutrición;3873
1,00E+13;HOSPITAL GENERAL DE AGUDOS J. A. PENNA;2019;medicina;nutricion_vesp;Nutrición;981
1,00E+13;HOSPITAL GENERAL DE AGUDOS J. A. PENNA;2019;medicina;hematologia_grupo_de_trabajo;Hematología;10546
1,00E+13;HOSPITAL GENERAL DE AGUDOS J. A. PENNA;2019;medicina;hematologia_grupo_de_trabajo_vesp;Hematología;3375
1,00E+13;HOSPITAL GENERAL DE AGUDOS J. A. PENNA;2019;medicina;gastroenterologia_grupo_de_trabajo;Gastroenterología;3964
1,00E+13;HOSPITAL GENERAL DE AGUDOS J. A. PENNA;2019;medicina;gastroenterologia_grupo_de_trabajo_vesp;Gastroenterología;1487
1,00E+13;HOSPITAL GENERAL DE AGUDOS J. A. PENNA;2019;medicina;neurologia_grupo_de_trabajo;Neurología;2286
1,00E+13;HOSPITAL GENERAL DE AGUDOS J. A. PENNA;2019;medicina;neurologia_grupo_de_trabajo_vesp;Neurología;1133
1,00E+13;HOSPITAL GENERAL DE AGUDOS J. A. PENNA;2019;medicina;alergia_grupo_de_trabajo;Alergia e Inmunología;1875
1,00E+13;HOSPITAL GENERAL DE AGUDOS J. A. PENNA;2019;medicina;alergia_grupo_de_trabajo_vesp;Alergia e Inmunología;211
1,00E+13;HOSPITAL GENERAL DE AGUDOS J. A. PENNA;2019;medicina;oncologia_grupo_de_trabajo;Oncología;3949
1,00E+13;HOSPITAL GENERAL DE AGUDOS J. A. PENNA;2019;medicina;nefrologia_grupo_de_trabajo;Nefrología;3505
1,00E+13;HOSPITAL GENERAL DE AGUDOS J. A. PENNA;2019;medicina;infectologia_grupo_de_trabajo_vesp;Infectología;294
1,00E+13;HOSPITAL GENERAL DE AGUDOS J. A. PENNA;2019;medicina;infectologia_grupo_de_trabajo;Infectología;6828
1,00E+13;HOSPITAL GENERAL DE AGUDOS J. A. PENNA;2019;medicina;geriatria_grupo_de_trabajo_vesp;Geriatría;470
1,00E+13;HOSPITAL GENERAL DE AGUDOS J. A. PENNA;2019;medicina;geriatria_grupo_de_trabajo;Geriatría;61
1,00E+13;HOSPITAL GENERAL DE AGUDOS J. A. PENNA;2019;medicina;cesacion_tabaquica;Promoción;340
1,00E+13;HOSPITAL GENERAL DE AGUDOS J. A. PENNA;2019;medicina;nefrologia_grupo_de_trabajo_vesp;Nefrología;591
1,00E+13;HOSPITAL GENERAL DE AGUDOS J. A. PENNA;2019;medicina;cuidados_paliativos;Paliativos;1553
1,00E+13;HOSPITAL GENERAL DE AGUDOS J. A. PENNA;2019;cirugia;cirugia_general;Cirugía General;3771
1,00E+13;HOSPITAL GENERAL DE AGUDOS J. A. PENNA;2019;cirugia;cirugia_general_vesp;Cirugía General;1175
1,00E+13;HOSPITAL GENERAL DE AGUDOS J. A. PENNA;2019;cirugia;urologia;Urología;2218
1,00E+13;HOSPITAL GENERAL DE AGUDOS J. A. PENNA;2019;cirugia;urologia_vesp;Urología;424
1,00E+13;HOSPITAL GENERAL DE AGUDOS J. A. PENNA;2019;cirugia;otorrinolaringologia;Otorrinolaringología;4176
1,00E+13;HOSPITAL GENERAL DE AGUDOS J. A. PENNA;2019;cirugia;otorrinolaringologia_vesp;Otorrinolaringología;611
1,00E+13;HOSPITAL GENERAL DE AGUDOS J. A. PENNA;2019;cirugia;oftalmologia;Oftalmología;7375
1,00E+13;HOSPITAL GENERAL DE AGUDOS J. A. PENNA;2019;cirugia;ortopedia_y_traumatologia;Ortopedia y Traumatología;3839
1,00E+13;HOSPITAL GENERAL DE AGUDOS J. A. PENNA;2019;cirugia;ortopedia_y_traumatologia_vesp;Ortopedia y Traumatología;572
1,00E+13;HOSPITAL GENERAL DE AGUDOS J. A. PENNA;2019;cirugia;traumatologia_y_manos_grupo_de_trabajo;Ortopedia y Traumatología;647
1,00E+13;HOSPITAL GENERAL DE AGUDOS J. A. PENNA;2019;cirugia;traumatologia_y_manos_grupo_de_trabajo_vesp;Ortopedia y Traumatología;714
1,00E+13;HOSPITAL GENERAL DE AGUDOS J. A. PENNA;2019;cirugia;neurocirugia_grupo_de_trabajo;Neurocirugía;1631
1,00E+13;HOSPITAL GENERAL DE AGUDOS J. A. PENNA;2019;cirugia;flebologia;Cirugía Vascular Periférico;16
1,00E+13;HOSPITAL GENERAL DE AGUDOS J. A. PENNA;2019;pediatria;pediatria;Pediatría;16668
1,00E+13;HOSPITAL GENERAL DE AGUDOS J. A. PENNA;2019;pediatria;pediatria_vesp;Pediatría;15087
1,00E+13;HOSPITAL GENERAL DE AGUDOS J. A. PENNA;2019;pediatria;puericultura_grupo_de_trabajo;Promoción;4121
1,00E+13;HOSPITAL GENERAL DE AGUDOS J. A. PENNA;2019;pediatria;adolescencia_grupo_de_trabajo;Adolescencia;2298
1,00E+13;HOSPITAL GENERAL DE AGUDOS J. A. PENNA;2019;pediatria;adolescencia_vesp;Adolescencia;1451
1,00E+13;HOSPITAL GENERAL DE AGUDOS J. A. PENNA;2019;tocoginecologia;tocoginecologia;Tocoginecología;12307
1,00E+13;HOSPITAL GENERAL DE AGUDOS J. A. PENNA;2019;tocoginecologia;tocoginecologia_vesp;Tocoginecología;9585
1,00E+13;HOSPITAL GENERAL DE AGUDOS J. A. PENNA;2019;tocoginecologia;patologia_mamaria_grupo_de_trabajo;Tocoginecología;2199
1,00E+13;HOSPITAL GENERAL DE AGUDOS J. A. PENNA;2019;tocoginecologia;patologia_cervical_grupo_de_trabajo;Tocoginecología;3652
1,00E+13;HOSPITAL GENERAL DE AGUDOS J. A. PENNA;2019;tocoginecologia;patologia_cervical_grupo_de_trabajo_vesp;Tocoginecología;2658
1,00E+13;HOSPITAL GENERAL DE AGUDOS J. A. PENNA;2019;urgencia;guardia_del_dia;Guardia;100534
1,00E+13;HOSPITAL GENERAL DE AGUDOS J. A. PENNA;2019;promocion_y_proteccion;promocion_y_proteccion;Promoción;12292
1,00E+13;HOSPITAL GENERAL DE AGUDOS J. A. PENNA;2019;areas;area_salud_escolar;Promoción;5826
1,00E+13;HOSPITAL GENERAL DE AGUDOS J. A. PENNA;2019;areas;area_epidemiologia;Promoción;1469
1,00E+13;HOSPITAL GENERAL DE AGUDOS J. M. RAMOS MEJIA;2019;medicina;adolescencia_mat;Adolescencia;3997
1,00E+13;HOSPITAL GENERAL DE AGUDOS J. M. RAMOS MEJIA;2019;medicina;alergia_mat;Alergia e Inmunología;6778
1,00E+13;HOSPITAL GENERAL DE AGUDOS J. M. RAMOS MEJIA;2019;medicina;alergia_vesp;Alergia e Inmunología;1840
1,00E+13;HOSPITAL GENERAL DE AGUDOS J. M. RAMOS MEJIA;2019;medicina;cardiologia_mat;Cardiología;8361
1,00E+13;HOSPITAL GENERAL DE AGUDOS J. M. RAMOS MEJIA;2019;medicina;cardiologia_vesp;Cardiología;4090
1,00E+13;HOSPITAL GENERAL DE AGUDOS J. M. RAMOS MEJIA;2019;medicina;cesacion_tabaquica;Promoción;1588
1,00E+13;HOSPITAL GENERAL DE AGUDOS J. M. RAMOS MEJIA;2019;medicina;cirugia_cardiovascular;Cirugía de Tórax y Cardiovascular;1697
1,00E+13;HOSPITAL GENERAL DE AGUDOS J. M. RAMOS MEJIA;2019;medicina;cirugia_general_mat;Cirugía General;2627
1,00E+13;HOSPITAL GENERAL DE AGUDOS J. M. RAMOS MEJIA;2019;medicina;cirugia_general_vesp;Cirugía General;894
1,00E+13;HOSPITAL GENERAL DE AGUDOS J. M. RAMOS MEJIA;2019;medicina;cirugia_de_mano_grupo_de_trabajo;Ortopedia y Traumatología;579
1,00E+13;HOSPITAL GENERAL DE AGUDOS J. M. RAMOS MEJIA;2019;medicina;clinica_medica_mat;Clínica Médica;9202
1,00E+13;HOSPITAL GENERAL DE AGUDOS J. M. RAMOS MEJIA;2019;medicina;clinica_medica_vesp;Clínica Médica;14718
1,00E+13;HOSPITAL GENERAL DE AGUDOS J. M. RAMOS MEJIA;2019;medicina;cuidados_paliativos;Paliativos;5100
1,00E+13;HOSPITAL GENERAL DE AGUDOS J. M. RAMOS MEJIA;2019;medicina;cirugia_plastica;Cirugía Plástica;717
1,00E+13;HOSPITAL GENERAL DE AGUDOS J. M. RAMOS MEJIA;2019;medicina;dermatologia_mat;Dermatología;14400
1,00E+13;HOSPITAL GENERAL DE AGUDOS J. M. RAMOS MEJIA;2019;medicina;dermatologia_vesp;Dermatología;4902
1,00E+13;HOSPITAL GENERAL DE AGUDOS J. M. RAMOS MEJIA;2019;medicina;dermatologia_pediatrica;Dermatología Pediátrica;4611
1,00E+13;HOSPITAL GENERAL DE AGUDOS J. M. RAMOS MEJIA;2019;medicina;endocrinologia_mat;Endocrinología;33641
1,00E+13;HOSPITAL GENERAL DE AGUDOS J. M. RAMOS MEJIA;2019;medicina;endocrinologia_vesp;Endocrinología;3950
1,00E+13;HOSPITAL GENERAL DE AGUDOS J. M. RAMOS MEJIA;2019;medicina;gastroenterologia;Gastroenterología;9562
1,00E+13;HOSPITAL GENERAL DE AGUDOS J. M. RAMOS MEJIA;2019;medicina;gastroenterologia_vesp;Gastroenterología;1638
1,00E+13;HOSPITAL GENERAL DE AGUDOS J. M. RAMOS MEJIA;2019;medicina;geriatria;Geriatría;1238
1,00E+13;HOSPITAL GENERAL DE AGUDOS J. M. RAMOS MEJIA;2019;medicina;ginecologia;Tocoginecología;12251
1,00E+13;HOSPITAL GENERAL DE AGUDOS J. M. RAMOS MEJIA;2019;medicina;ginecologia;Tocoginecología;2892
1,00E+13;HOSPITAL GENERAL DE AGUDOS J. M. RAMOS MEJIA;2019;medicina;guardia;Guardia;69443
1,00E+13;HOSPITAL GENERAL DE AGUDOS J. M. RAMOS MEJIA;2019;medicina;hematologia;Hematología;14391
1,00E+13;HOSPITAL GENERAL DE AGUDOS J. M. RAMOS MEJIA;2019;medicina;hematologia;Hematología;1993
1,00E+13;HOSPITAL GENERAL DE AGUDOS J. M. RAMOS MEJIA;2019;medicina;hepatologia;Hepatología;4000
1,00E+13;HOSPITAL GENERAL DE AGUDOS J. M. RAMOS MEJIA;2019;medicina;hipertension_art;Cardiología;6414
1,00E+13;HOSPITAL GENERAL DE AGUDOS J. M. RAMOS MEJIA;2019;medicina;infectologia;Infectología;7378
1,00E+13;HOSPITAL GENERAL DE AGUDOS J. M. RAMOS MEJIA;2019;medicina;inmunocomp;Infectología;26234
1,00E+13;HOSPITAL GENERAL DE AGUDOS J. M. RAMOS MEJIA;2019;medicina;nefrologia;Nefrología;2750
1,00E+13;HOSPITAL GENERAL DE AGUDOS J. M. RAMOS MEJIA;2019;medicina;neurocirugia;Neurocirugía;3013
1,00E+13;HOSPITAL GENERAL DE AGUDOS J. M. RAMOS MEJIA;2019;medicina;neurologia;Neurología;8392
1,00E+13;HOSPITAL GENERAL DE AGUDOS J. M. RAMOS MEJIA;2019;medicina;neurologia;Neurología;2388
1,00E+13;HOSPITAL GENERAL DE AGUDOS J. M. RAMOS MEJIA;2019;medicina;nutricion;Nutrición;7322
1,00E+13;HOSPITAL GENERAL DE AGUDOS J. M. RAMOS MEJIA;2019;medicina;nutricion;Nutrición;2191
1,00E+13;HOSPITAL GENERAL DE AGUDOS J. M. RAMOS MEJIA;2019;medicina;obstetricia;Obstetricia;7477
1,00E+13;HOSPITAL GENERAL DE AGUDOS J. M. RAMOS MEJIA;2019;medicina;obstetricia;Obstetricia;2741
1,00E+13;HOSPITAL GENERAL DE AGUDOS J. M. RAMOS MEJIA;2019;medicina;oftalmologia;Oftalmología;9220
1,00E+13;HOSPITAL GENERAL DE AGUDOS J. M. RAMOS MEJIA;2019;medicina;oftalmologia;Oftalmología;1573
1,00E+13;HOSPITAL GENERAL DE AGUDOS J. M. RAMOS MEJIA;2019;medicina;otorrinolaringo;Otorrinolaringología;9126
1,00E+13;HOSPITAL GENERAL DE AGUDOS J. M. RAMOS MEJIA;2019;medicina;pediatria;Pediatría;9159
1,00E+13;HOSPITAL GENERAL DE AGUDOS J. M. RAMOS MEJIA;2019;medicina;pediatria;Pediatría;11565
1,00E+13;HOSPITAL GENERAL DE AGUDOS J. M. RAMOS MEJIA;2019;medicina;promocion_y_protec;Promoción;37239
1,00E+13;HOSPITAL GENERAL DE AGUDOS J. M. RAMOS MEJIA;2019;medicina;reumatologia_y_col;Reumatología;14597
1,00E+13;HOSPITAL GENERAL DE AGUDOS J. M. RAMOS MEJIA;2019;medicina;terapia_radiante;Oncología;3040
1,00E+13;HOSPITAL GENERAL DE AGUDOS J. M. RAMOS MEJIA;2019;medicina;tisiologia;Neumonología;7736
1,00E+13;HOSPITAL GENERAL DE AGUDOS J. M. RAMOS MEJIA;2019;medicina;tisiologia;Neumonología;1334
1,00E+13;HOSPITAL GENERAL DE AGUDOS J. M. RAMOS MEJIA;2019;medicina;ort_y_traumatol;Ortopedia y Traumatología;6628
1,00E+13;HOSPITAL GENERAL DE AGUDOS J. M. RAMOS MEJIA;2019;medicina;ort_y_traumatol;Ortopedia y Traumatología;935
1,00E+13;HOSPITAL GENERAL DE AGUDOS J. M. RAMOS MEJIA;2019;medicina;urologia;Urología;3659
1,00E+13;HOSPITAL GENERAL DE AGUDOS J. M. RAMOS MEJIA;2019;medicina;urologia;Urología;1599
1,00E+13;HOSPITAL GENERAL DE AGUDOS J. M. RAMOS MEJIA;2019;medicina;area_salud_escolar;Promoción;8108
1,00E+13;HOSPITAL GENERAL DE AGUDOS J. M. RAMOS MEJIA;2019;medicina;area_salud_comunitaria;Promoción;2110
1,00E+13;HOSPITAL GENERAL DE AGUDOS J. M. RAMOS MEJIA;2019;medicina;area_epidemiologia;Promoción;8114
1,00E+13;HOSPITAL GENERAL DE AGUDOS J. M. RAMOS MEJIA;2019;medicina;area_inmunizaciones;Promoción;6605
1,00E+13;HOSPITAL GENERAL DE AGUDOS J. M. RAMOS MEJIA;2019;medicina;medico_de_cabec_cm;Clínica Médica;6638
1,00E+13;HOSPITAL GENERAL DE AGUDOS J. M. RAMOS MEJIA;2019;medicina;med_de_cabec_tocog;Tocoginecología;3125
1,00E+13;HOSPITAL GENERAL DE AGUDOS J. M. RAMOS MEJIA;2019;medicina;med_de_cabec_ped;Pediatría;3238
1,00E+13;HOSPITAL GENERAL DE AGUDOS J. M. RAMOS MEJIA;2019;medicina;adolescencia_vesp;Adolescencia;177
1,00E+13;HOSPITAL GENERAL DE AGUDOS P. PIÑERO;2019;;adolescencia;Adolescencia;3670
1,00E+13;HOSPITAL GENERAL DE AGUDOS P. PIÑERO;2019;;alergia;Alergia e Inmunología;2978
1,00E+13;HOSPITAL GENERAL DE AGUDOS P. PIÑERO;2019;;cardiologia;Cardiología;22086
1,00E+13;HOSPITAL GENERAL DE AGUDOS P. PIÑERO;2019;;cesacion_tabaquica;Promoción;74
1,00E+13;HOSPITAL GENERAL DE AGUDOS P. PIÑERO;2019;;cirugia_general;Cirugía General;5120
1,00E+13;HOSPITAL GENERAL DE AGUDOS P. PIÑERO;2019;;clinica_medica_vesp;Clínica Médica;5527
1,00E+13;HOSPITAL GENERAL DE AGUDOS P. PIÑERO;2019;;clinica_medica;Clínica Médica;14302
1,00E+13;HOSPITAL GENERAL DE AGUDOS P. PIÑERO;2019;;dermatologia;Dermatología;8404
1,00E+13;HOSPITAL GENERAL DE AGUDOS P. PIÑERO;2019;;gastroenterologia;Gastroenterología;7654
1,00E+13;HOSPITAL GENERAL DE AGUDOS P. PIÑERO;2019;;geriatria;Geriatría;3257
1,00E+13;HOSPITAL GENERAL DE AGUDOS P. PIÑERO;2019;;gincecologia;Tocoginecología;6606
1,00E+13;HOSPITAL GENERAL DE AGUDOS P. PIÑERO;2019;;guardia;Guardia;107147
1,00E+13;HOSPITAL GENERAL DE AGUDOS P. PIÑERO;2019;;neumonologia_y_tisiologia;Neumonología;4889
1,00E+13;HOSPITAL GENERAL DE AGUDOS P. PIÑERO;2019;;neurologia;Neurología;9412
1,00E+13;HOSPITAL GENERAL DE AGUDOS P. PIÑERO;2019;;obstetricia_vesp;Obstetricia;2666
1,00E+13;HOSPITAL GENERAL DE AGUDOS P. PIÑERO;2019;;obstetricia;Obstetricia;5595
1,00E+13;HOSPITAL GENERAL DE AGUDOS P. PIÑERO;2019;;oftalmologia;Oftalmología;8441
1,00E+13;HOSPITAL GENERAL DE AGUDOS P. PIÑERO;2019;;oncologia;Oncología;13641
1,00E+13;HOSPITAL GENERAL DE AGUDOS P. PIÑERO;2019;;neumotisiologia_infantil;Neumonología Pediátrica;1597
1,00E+13;HOSPITAL GENERAL DE AGUDOS P. PIÑERO;2019;;otorrinolaringologia;Otorrinolaringología;8614
1,00E+13;HOSPITAL GENERAL DE AGUDOS P. PIÑERO;2019;;pediatria;Pediatría;18607
1,00E+13;HOSPITAL GENERAL DE AGUDOS P. PIÑERO;2019;;pediatria_vesp;Pediatría;12495
1,00E+13;HOSPITAL GENERAL DE AGUDOS P. PIÑERO;2019;;promocion_y_proteccion;Promoción;12856
1,00E+13;HOSPITAL GENERAL DE AGUDOS P. PIÑERO;2019;;medico_de_cabecera;Medicina General y Familiar;10148
1,00E+13;HOSPITAL GENERAL DE AGUDOS P. PIÑERO;2019;;area_programatica;Promoción;60452
1,00E+13;HOSPITAL GENERAL DE AGUDOS P. PIÑERO;2019;;salud_comunitaria;Promoción;2148
1,00E+13;HOSPITAL GENERAL DE AGUDOS P. PIÑERO;2019;;salud_escolar;Promoción;36660
1,00E+13;HOSPITAL GENERAL DE AGUDOS P. PIÑERO;2019;;epidemiologia;Promoción;3865
1,00E+13;HOSPITAL GENERAL DE AGUDOS P. PIÑERO;2019;;sida;Infectología;12617
1,00E+13;HOSPITAL GENERAL DE AGUDOS P. PIÑERO;2019;;inmunizaciones;Promoción;5691
1,10E+13;HOSPITAL GENERAL DE NIÑOS PEDRO DE ELIZALDE;2019;medicina;pediatria;Pediatría;47901
1,10E+13;HOSPITAL GENERAL DE NIÑOS PEDRO DE ELIZALDE;2019;medicina;pediatria_vesp;Pediatría;24721
1,10E+13;HOSPITAL GENERAL DE NIÑOS PEDRO DE ELIZALDE;2019;medicina;neurologia_vesp;Neurología Pediátrica;2863
1,10E+13;HOSPITAL GENERAL DE NIÑOS PEDRO DE ELIZALDE;2019;medicina;nutricion_y_diabetes_vesp;Nutrición y Diabetes Pediátrica;2608
1,10E+13;HOSPITAL GENERAL DE NIÑOS PEDRO DE ELIZALDE;2019;medicina;alergia;Alergia Pediátrica;5898
1,10E+13;HOSPITAL GENERAL DE NIÑOS PEDRO DE ELIZALDE;2019;medicina;pediatria_ambiental;Pediatría ambiental;140
1,10E+13;HOSPITAL GENERAL DE NIÑOS PEDRO DE ELIZALDE;2019;medicina;pediatria_mediano_riesgo;Pediatría;2286
1,10E+13;HOSPITAL GENERAL DE NIÑOS PEDRO DE ELIZALDE;2019;medicina;cuidados_paliativos;Paliativos pediátricos;3227
1,10E+13;HOSPITAL GENERAL DE NIÑOS PEDRO DE ELIZALDE;2019;medicina;inmunologia_vesp;Inmunología Pediátrica;175
1,10E+13;HOSPITAL GENERAL DE NIÑOS PEDRO DE ELIZALDE;2019;medicina;inmunologia;Inmunología Pediátrica;8106
1,10E+13;HOSPITAL GENERAL DE NIÑOS PEDRO DE ELIZALDE;2019;medicina;adolescencia_vesp;Adolescencia;1450
1,10E+13;HOSPITAL GENERAL DE NIÑOS PEDRO DE ELIZALDE;2019;medicina;adolescencia;Adolescencia;11034
1,10E+13;HOSPITAL GENERAL DE NIÑOS PEDRO DE ELIZALDE;2019;medicina;nino_maltratado;Maltrato infantil;3798
1,10E+13;HOSPITAL GENERAL DE NIÑOS PEDRO DE ELIZALDE;2019;medicina;cardiologia;Cardiología Pediátrica;17691
1,10E+13;HOSPITAL GENERAL DE NIÑOS PEDRO DE ELIZALDE;2019;medicina;infecciosas;Infectología Pediátrica;11556
1,10E+13;HOSPITAL GENERAL DE NIÑOS PEDRO DE ELIZALDE;2019;medicina;endocrinologia_vesp;Endocrinología Pediátrica;3985
1,10E+13;HOSPITAL GENERAL DE NIÑOS PEDRO DE ELIZALDE;2019;medicina;dermatologia_vesp;Dermatología Pediátrica;2145
1,10E+13;HOSPITAL GENERAL DE NIÑOS PEDRO DE ELIZALDE;2019;medicina;dermatologia;Dermatología Pediátrica;9659
1,10E+13;HOSPITAL GENERAL DE NIÑOS PEDRO DE ELIZALDE;2019;medicina;endocrinologia;Endocrinología Pediátrica;2754
1,10E+13;HOSPITAL GENERAL DE NIÑOS PEDRO DE ELIZALDE;2019;medicina;neurologia;Neurología Pediátrica;11905
1,10E+13;HOSPITAL GENERAL DE NIÑOS PEDRO DE ELIZALDE;2019;medicina;genetica;Genética;2823
1,10E+13;HOSPITAL GENERAL DE NIÑOS PEDRO DE ELIZALDE;2019;medicina;oncologia;Oncología Pediátrica;1769
1,10E+13;HOSPITAL GENERAL DE NIÑOS PEDRO DE ELIZALDE;2019;medicina;tisiologia;Neumonología Pediátrica;10727
1,10E+13;HOSPITAL GENERAL DE NIÑOS PEDRO DE ELIZALDE;2019;medicina;hematologia;Hematología Pediátrica;5286
1,10E+13;HOSPITAL GENERAL DE NIÑOS PEDRO DE ELIZALDE;2019;medicina;gastroenterologia_vesp;Gastroenterología Pedíatrica;1113
1,10E+13;HOSPITAL GENERAL DE NIÑOS PEDRO DE ELIZALDE;2019;medicina;gastroenterologia;Gastroenterología Pedíatrica;10702
1,10E+13;HOSPITAL GENERAL DE NIÑOS PEDRO DE ELIZALDE;2019;medicina;nutricion_y_diabetes;Nutrición y Diabetes Pediátrica;9062
1,10E+13;HOSPITAL GENERAL DE NIÑOS PEDRO DE ELIZALDE;2019;medicina;reumatologia;Reumatología Pediátrica;5035
1,10E+13;HOSPITAL GENERAL DE NIÑOS PEDRO DE ELIZALDE;2019;medicina;nefrologia;Nefrología Pediátrica;4796
1,10E+13;HOSPITAL GENERAL DE NIÑOS PEDRO DE ELIZALDE;2019;medicina;nefrologia_vesp;Nefrología Pediátrica;1152
1,10E+13;HOSPITAL GENERAL DE NIÑOS PEDRO DE ELIZALDE;2019;cirugia;cirugia_general;Cirugía General Pediátrica;6935
1,10E+13;HOSPITAL GENERAL DE NIÑOS PEDRO DE ELIZALDE;2019;cirugia;cirugia_recien_nacido;Cirugía Neonatal;311
1,10E+13;HOSPITAL GENERAL DE NIÑOS PEDRO DE ELIZALDE;2019;cirugia;oftalmologia;Oftalmología Pediátrica;7995
1,10E+13;HOSPITAL GENERAL DE NIÑOS PEDRO DE ELIZALDE;2019;cirugia;otorrinolaringologia;Otorrinolaringología Pediátrica;9873
1,10E+13;HOSPITAL GENERAL DE NIÑOS PEDRO DE ELIZALDE;2019;cirugia;ortopedia_y_traumatologia;Ortopedia y Traumatología Pediátrica;5782
1,10E+13;HOSPITAL GENERAL DE NIÑOS PEDRO DE ELIZALDE;2019;cirugia;urologia;Urología Pediátrica;2174
1,10E+13;HOSPITAL GENERAL DE NIÑOS PEDRO DE ELIZALDE;2019;cirugia;cardiovascular;Cirugía de Tórax y Cardiovascular Pediátrica;330
1,10E+13;HOSPITAL GENERAL DE NIÑOS PEDRO DE ELIZALDE;2019;cirugia;neurocirugia;Neurocirugía Pediátrica;470
1,10E+13;HOSPITAL GENERAL DE NIÑOS PEDRO DE ELIZALDE;2019;cirugia;ginecologia_adolescente;Tocoginecología Pediátrica;1747
1,10E+13;HOSPITAL GENERAL DE NIÑOS PEDRO DE ELIZALDE;2019;cirugia;cirugia_general_vesp;Cirugía General Pediátrica;940
1,10E+13;HOSPITAL GENERAL DE NIÑOS PEDRO DE ELIZALDE;2019;cirugia;otorrinolaringologia_vesp;Otorrinolaringología Pediátrica;1518
1,10E+13;HOSPITAL GENERAL DE NIÑOS PEDRO DE ELIZALDE;2019;cirugia;ortopedia_y_traumatologia_vesp;Ortopedia y Traumatología Pediátrica;1292
1,10E+13;HOSPITAL GENERAL DE NIÑOS PEDRO DE ELIZALDE;2019;cirugia;cirugia_plastica;Cirugía Plástica Pediátrica;1244
1,10E+13;HOSPITAL GENERAL DE NIÑOS PEDRO DE ELIZALDE;2019;urgencia;guardia_del_dia;Guardia Pediátrica;117216
1,10E+13;HOSPITAL GENERAL DE NIÑOS PEDRO DE ELIZALDE;2019;urgencia;toxicologia_guardia_del_dia;Toxicología Pediátrica;11482
1,10E+13;HOSPITAL GENERAL DE NIÑOS PEDRO DE ELIZALDE;2019;promocion_y_proteccion;promocion_y_proteccion;Promoción;6795
1,10E+13;HOSPITAL GENERAL DE NIÑOS RICARDO GUTIERREZ;2019;medicina;clinica_pediatrica_vesp;Pediatría;16244
1,10E+13;HOSPITAL GENERAL DE NIÑOS RICARDO GUTIERREZ;2019;medicina;clinica_pediatrica;Pediatría;36517
1,10E+13;HOSPITAL GENERAL DE NIÑOS RICARDO GUTIERREZ;2019;medicina;centro_respiratorio;Neumonología Pediátrica;8535
1,10E+13;HOSPITAL GENERAL DE NIÑOS RICARDO GUTIERREZ;2019;medicina;hepatologia;Hepatología Pediátrica;2355
1,10E+13;HOSPITAL GENERAL DE NIÑOS RICARDO GUTIERREZ;2019;medicina;endocrinologia;Endocrinología Pediátrica;9129
1,10E+13;HOSPITAL GENERAL DE NIÑOS RICARDO GUTIERREZ;2019;medicina;genetica;Genética;8862
1,10E+13;HOSPITAL GENERAL DE NIÑOS RICARDO GUTIERREZ;2019;medicina;cardiologia;Cardiología Pediátrica;19584
1,10E+13;HOSPITAL GENERAL DE NIÑOS RICARDO GUTIERREZ;2019;medicina;infecciosas;Infectología Pediátrica;9690
1,10E+13;HOSPITAL GENERAL DE NIÑOS RICARDO GUTIERREZ;2019;medicina;tisiologia;Neumonología Pediátrica;3538
1,10E+13;HOSPITAL GENERAL DE NIÑOS RICARDO GUTIERREZ;2019;medicina;nefrologia;Nefrología Pediátrica;8004
1,10E+13;HOSPITAL GENERAL DE NIÑOS RICARDO GUTIERREZ;2019;medicina;hipertension_arterial;Cardiología Pediátrica;1897
1,10E+13;HOSPITAL GENERAL DE NIÑOS RICARDO GUTIERREZ;2019;medicina;neurologia;Neurología Pediátrica;8079
1,10E+13;HOSPITAL GENERAL DE NIÑOS RICARDO GUTIERREZ;2019;medicina;dermatologia;Dermatología Pediátrica;14086
1,10E+13;HOSPITAL GENERAL DE NIÑOS RICARDO GUTIERREZ;2019;medicina;dermatologia_vesp;Dermatología Pediátrica;3026
1,10E+13;HOSPITAL GENERAL DE NIÑOS RICARDO GUTIERREZ;2019;medicina;gastroenterologia;Gastroenterología Pedíatrica;6440
1,10E+13;HOSPITAL GENERAL DE NIÑOS RICARDO GUTIERREZ;2019;medicina;nutricion;Nutrición Pediátrica;12785
1,10E+13;HOSPITAL GENERAL DE NIÑOS RICARDO GUTIERREZ;2019;medicina;hematologia;Hematología Pediátrica;11864
1,10E+13;HOSPITAL GENERAL DE NIÑOS RICARDO GUTIERREZ;2019;medicina;alergia;Alergia Pediátrica;8256
1,10E+13;HOSPITAL GENERAL DE NIÑOS RICARDO GUTIERREZ;2019;medicina;reumatologia;Reumatología Pediátrica;6287
1,10E+13;HOSPITAL GENERAL DE NIÑOS RICARDO GUTIERREZ;2019;medicina;adolescencia;Adolescencia;8318
1,10E+13;HOSPITAL GENERAL DE NIÑOS RICARDO GUTIERREZ;2019;medicina;toxicologia;Toxicología Pediátrica;835
1,10E+13;HOSPITAL GENERAL DE NIÑOS RICARDO GUTIERREZ;2019;medicina;endoscopia;Endoscopía Pediátrica;1310
1,10E+13;HOSPITAL GENERAL DE NIÑOS RICARDO GUTIERREZ;2019;medicina;inmunologia;Inmunología Pediátrica;3636
1,10E+13;HOSPITAL GENERAL DE NIÑOS RICARDO GUTIERREZ;2019;medicina;enfermedad_de_chagas_g_de_trabajo;Infectología Pediátrica;4595
1,10E+13;HOSPITAL GENERAL DE NIÑOS RICARDO GUTIERREZ;2019;medicina;oncologia;Oncología Pediátrica;4985
1,10E+13;HOSPITAL GENERAL DE NIÑOS RICARDO GUTIERREZ;2019;medicina;dolor_y_cuidados_paliativos_g_de_trabajo;Paliativos pediátricos;3216
1,10E+13;HOSPITAL GENERAL DE NIÑOS RICARDO GUTIERREZ;2019;cirugia;cirugia_general;Cirugía General Pediátrica;4588
1,10E+13;HOSPITAL GENERAL DE NIÑOS RICARDO GUTIERREZ;2019;cirugia;cirugia_toracica;Cirugía de Tórax y Cardiovascular Pediátrica;604
1,10E+13;HOSPITAL GENERAL DE NIÑOS RICARDO GUTIERREZ;2019;cirugia;ortopedia_y_traumatologia;Ortopedia y Traumatología Pediátrica;4304
1,10E+13;HOSPITAL GENERAL DE NIÑOS RICARDO GUTIERREZ;2019;cirugia;ortopedia_y_traumatologia_vesp;Ortopedia y Traumatología Pediátrica;4089
1,10E+13;HOSPITAL GENERAL DE NIÑOS RICARDO GUTIERREZ;2019;cirugia;cirugia_plastica;Cirugía Plástica Pediátrica;1558
1,10E+13;HOSPITAL GENERAL DE NIÑOS RICARDO GUTIERREZ;2019;cirugia;quemados;Cirugía Plástica Pediátrica;644
1,10E+13;HOSPITAL GENERAL DE NIÑOS RICARDO GUTIERREZ;2019;cirugia;otorrinolaringologia;Otorrinolaringología Pediátrica;5242
1,10E+13;HOSPITAL GENERAL DE NIÑOS RICARDO GUTIERREZ;2019;cirugia;neurocirugia;Neurocirugía Pediátrica;3349
1,10E+13;HOSPITAL GENERAL DE NIÑOS RICARDO GUTIERREZ;2019;cirugia;urologia;Urología Pediátrica;2424
1,10E+13;HOSPITAL GENERAL DE NIÑOS RICARDO GUTIERREZ;2019;cirugia;oftalmologia;Oftalmología Pediátrica;16169
1,10E+13;HOSPITAL GENERAL DE NIÑOS RICARDO GUTIERREZ;2019;cirugia;ortopedia_y_traumatologia_escoliosis;Ortopedia y Traumatología Pediátrica;1713
1,10E+13;HOSPITAL GENERAL DE NIÑOS RICARDO GUTIERREZ;2019;cirugia;neuro_ortopedia;Neurocirugía Pediátrica;1098
1,10E+13;HOSPITAL GENERAL DE NIÑOS RICARDO GUTIERREZ;2019;cirugia;discrepancia;Ortopedia y Traumatología Pediátrica;924
1,10E+13;HOSPITAL GENERAL DE NIÑOS RICARDO GUTIERREZ;2019;cirugia;caderas;Ortopedia y Traumatología Pediátrica;877
1,10E+13;HOSPITAL GENERAL DE NIÑOS RICARDO GUTIERREZ;2019;cirugia;tumores;Cirugía General Pediátrica;412
1,10E+13;HOSPITAL GENERAL DE NIÑOS RICARDO GUTIERREZ;2019;cirugia;artroscopia;Ortopedia y Traumatología Pediátrica;612
1,10E+13;HOSPITAL GENERAL DE NIÑOS RICARDO GUTIERREZ;2019;cirugia;reflujo;Cirugía General Pediátrica;183
1,10E+13;HOSPITAL GENERAL DE NIÑOS RICARDO GUTIERREZ;2019;cirugia;mielomeningocele;Neurocirugía Pediátrica;269
1,10E+13;HOSPITAL GENERAL DE NIÑOS RICARDO GUTIERREZ;2019;cirugia;manos;Ortopedia y Traumatología Pediátrica;603
1,10E+13;HOSPITAL GENERAL DE NIÑOS RICARDO GUTIERREZ;2019;cirugia;cabeza_y_cuello;Cirugía Maxilofacial pediátrica;446
1,10E+13;HOSPITAL GENERAL DE NIÑOS RICARDO GUTIERREZ;2019;cirugia;fisurados;Cirugía Maxilofacial pediátrica;316
1,10E+13;HOSPITAL GENERAL DE NIÑOS RICARDO GUTIERREZ;2019;urgencia;guardia_del_dia;Guardia Pediátrica;57718
1,10E+13;HOSPITAL GENERAL DE NIÑOS RICARDO GUTIERREZ;2019;urgencia;toxicologia_guardia_del_dia;Toxicología Pediátrica;12845
1,10E+13;HOSPITAL GENERAL DE NIÑOS RICARDO GUTIERREZ;2019;urgencia;endoscopia_guardia_del_dia;Endoscopía Pediátrica;630
1,10E+13;HOSPITAL GENERAL DE NIÑOS RICARDO GUTIERREZ;2019;promocion_y_proteccion;promocion_y_proteccion;Promoción;13033
1,30E+13;HOSPITAL INFANTO JUVENIL C. TOBAR GARCIA;2019;;neurologia;Neurología Pediátrica;1121
1,30E+13;HOSPITAL INFANTO JUVENIL C. TOBAR GARCIA;2019;;pediatria;Pediatría;4362
1,30E+13;HOSPITAL INFANTO JUVENIL C. TOBAR GARCIA;2019;;cardiologia;Cardiología Pediátrica;81
1,30E+13;HOSPITAL INFANTO JUVENIL C. TOBAR GARCIA;2019;;ginecologia;Tocoginecología Pediátrica;263
1,30E+13;HOSPITAL INFANTO JUVENIL C. TOBAR GARCIA;2019;;guardias_medicas;Guardia Pediátrica;25161
1,20E+13;HOSPITAL MATERNO INFANTIL R. SARDA;2019;medicina;cardiologia;Cardiología;4463
1,20E+13;HOSPITAL MATERNO INFANTIL R. SARDA;2019;medicina;dermatologia;Dermatología;2037
1,20E+13;HOSPITAL MATERNO INFANTIL R. SARDA;2019;medicina;inmunohematologia;Inmunohematología;4871
1,20E+13;HOSPITAL MATERNO INFANTIL R. SARDA;2019;medicina;infectologia;Infectología;991
1,20E+13;HOSPITAL MATERNO INFANTIL R. SARDA;2019;medicina;genetica;Genética;631
1,20E+13;HOSPITAL MATERNO INFANTIL R. SARDA;2019;medicina;adolescencia;Adolescencia;208
1,20E+13;HOSPITAL MATERNO INFANTIL R. SARDA;2019;cirugia;ginecologia;Tocoginecología;6369
1,20E+13;HOSPITAL MATERNO INFANTIL R. SARDA;2019;cirugia;ginecologia_intermedio;Tocoginecología;1139
1,20E+13;HOSPITAL MATERNO INFANTIL R. SARDA;2019;cirugia;procreacion_responsable;Promoción;1126
1,20E+13;HOSPITAL MATERNO INFANTIL R. SARDA;2019;cirugia;planificacion_familiar;Promoción;4773
1,20E+13;HOSPITAL MATERNO INFANTIL R. SARDA;2019;cirugia;patologia_cervical;Tocoginecología;7134
1,20E+13;HOSPITAL MATERNO INFANTIL R. SARDA;2019;pediatria;pediatria;Pediatría;29716
1,20E+13;HOSPITAL MATERNO INFANTIL R. SARDA;2019;pediatria;cardiologia;Cardiología Pediátrica;147
1,20E+13;HOSPITAL MATERNO INFANTIL R. SARDA;2019;pediatria;neurologia;Neurología Pediátrica;1196
1,20E+13;HOSPITAL MATERNO INFANTIL R. SARDA;2019;pediatria;oftalmologia;Oftalmología Pediátrica;4044
1,20E+13;HOSPITAL MATERNO INFANTIL R. SARDA;2019;pediatria;hijo_de_madre_adolescente;Adolescencia;1697
1,20E+13;HOSPITAL MATERNO INFANTIL R. SARDA;2019;pediatria;atencion_clinica_de_la_adolescente;Adolescencia;578
1,20E+13;HOSPITAL MATERNO INFANTIL R. SARDA;2019;tocogineciologia;obstetricia_matutino;Obstetricia;17645
1,20E+13;HOSPITAL MATERNO INFANTIL R. SARDA;2019;tocogineciologia;obstetricia_intermedio;Obstetricia;9832
1,20E+13;HOSPITAL MATERNO INFANTIL R. SARDA;2019;tocogineciologia;control_embarazo_adolescente;Adolescencia;1631
1,20E+13;HOSPITAL MATERNO INFANTIL R. SARDA;2019;tocogineciologia;puerperio_adolescente;Adolescencia;236
1,20E+13;HOSPITAL MATERNO INFANTIL R. SARDA;2019;urgencia;guardia_del_dia_pediatria;Guardia Pediátrica;5400
1,20E+13;HOSPITAL MATERNO INFANTIL R. SARDA;2019;urgencia;guardia_del_dia_obstetricia;Guardia Obstetricia;22606
1,40E+13;HOSPITAL MUNICIPAL DE ONCOLOGIA MARIE CURIE;2019;medicina;curieterapia;Oncología;1155
1,40E+13;HOSPITAL MUNICIPAL DE ONCOLOGIA MARIE CURIE;2019;medicina;alta_energia;Oncología;2093
1,40E+13;HOSPITAL MUNICIPAL DE ONCOLOGIA MARIE CURIE;2019;medicina;clinica_medica;Clínica Médica;874
1,40E+13;HOSPITAL MUNICIPAL DE ONCOLOGIA MARIE CURIE;2019;medicina;clinica_oncologica;Oncología;13340
1,40E+13;HOSPITAL MUNICIPAL DE ONCOLOGIA MARIE CURIE;2019;medicina;clinica_oncologica_vesp;Oncología;1837
1,40E+13;HOSPITAL MUNICIPAL DE ONCOLOGIA MARIE CURIE;2019;medicina;medicina_nuclear;Oncología;2
1,40E+13;HOSPITAL MUNICIPAL DE ONCOLOGIA MARIE CURIE;2019;medicina;cuidados_paliativos;Paliativos;3562
1,40E+13;HOSPITAL MUNICIPAL DE ONCOLOGIA MARIE CURIE;2019;medicina;consultorio_de_orientacion;Oncología;2214
1,40E+13;HOSPITAL MUNICIPAL DE ONCOLOGIA MARIE CURIE;2019;medicina;hematologia;Hematología;5025
1,40E+13;HOSPITAL MUNICIPAL DE ONCOLOGIA MARIE CURIE;2019;medicina;infectologia;Infectología;1223
1,40E+13;HOSPITAL MUNICIPAL DE ONCOLOGIA MARIE CURIE;2019;medicina;dermatologia;Dermatología;3290
1,40E+13;HOSPITAL MUNICIPAL DE ONCOLOGIA MARIE CURIE;2019;medicina;cardiologia;Cardiología;2564
1,40E+13;HOSPITAL MUNICIPAL DE ONCOLOGIA MARIE CURIE;2019;medicina;endocrinologia;Endocrinología;881
1,40E+13;HOSPITAL MUNICIPAL DE ONCOLOGIA MARIE CURIE;2019;medicina;nutricion_y_diabetes;Nutrición y Diabetes;3040
1,40E+13;HOSPITAL MUNICIPAL DE ONCOLOGIA MARIE CURIE;2019;medicina;gastroenterologia_y_hepatologia_g_trabajo;Gastroenterología;980
1,40E+13;HOSPITAL MUNICIPAL DE ONCOLOGIA MARIE CURIE;2019;medicina;neumonologia;Neumonología;1022
1,40E+13;HOSPITAL MUNICIPAL DE ONCOLOGIA MARIE CURIE;2019;medicina;tabaquismo;Promoción;268
1,40E+13;HOSPITAL MUNICIPAL DE ONCOLOGIA MARIE CURIE;2019;cirugia;cirugia_general;Cirugía General;1214
1,40E+13;HOSPITAL MUNICIPAL DE ONCOLOGIA MARIE CURIE;2019;cirugia;cirugia_plastica;Cirugía Plástica;1270
1,40E+13;HOSPITAL MUNICIPAL DE ONCOLOGIA MARIE CURIE;2019;cirugia;proctologia_g_trabajo;Proctología;520
1,40E+13;HOSPITAL MUNICIPAL DE ONCOLOGIA MARIE CURIE;2019;cirugia;ginecologia;Tocoginecología;8022
1,40E+13;HOSPITAL MUNICIPAL DE ONCOLOGIA MARIE CURIE;2019;cirugia;cirugia_maxilo_facial;Cirugía Maxilofacial;3234
1,40E+13;HOSPITAL MUNICIPAL DE ONCOLOGIA MARIE CURIE;2019;cirugia;patologia_mamaria;Tocoginecología;6229
1,40E+13;HOSPITAL MUNICIPAL DE ONCOLOGIA MARIE CURIE;2019;cirugia;urologia;Urología;2408
1,40E+13;HOSPITAL MUNICIPAL DE ONCOLOGIA MARIE CURIE;2019;cirugia;ortopedia_y_traumatologia;Ortopedia y Traumatología;1499
1,40E+13;HOSPITAL MUNICIPAL DE ONCOLOGIA MARIE CURIE;2019;cirugia;cirugia_toracica;Cirugía de Tórax y Cardiovascular;1241
1,40E+13;HOSPITAL MUNICIPAL DE ONCOLOGIA MARIE CURIE;2019;sin_especificar;estomatologia;Odontología;1598
1,40E+13;HOSPITAL OFTALMOLOGICO DR. PEDRO LAGLEYZE;2019;;cardiologia;Cardiología;4622
1,40E+13;HOSPITAL OFTALMOLOGICO DR. PEDRO LAGLEYZE;2019;;cirugia_general;Cirugía General;4890
1,40E+13;HOSPITAL OFTALMOLOGICO DR. PEDRO LAGLEYZE;2019;;clinica_medica;Clínica Médica;366
1,40E+13;HOSPITAL OFTALMOLOGICO DR. PEDRO LAGLEYZE;2019;;guardia;Guardia;128426
1,40E+13;HOSPITAL OFTALMOLOGICO DR. PEDRO LAGLEYZE;2019;;infectologia;Infectología;2998
1,40E+13;HOSPITAL OFTALMOLOGICO DR. PEDRO LAGLEYZE;2019;;neurologia;Neurología;1628
1,40E+13;HOSPITAL OFTALMOLOGICO DR. PEDRO LAGLEYZE;2019;;oftalmologia;Oftalmología;61966
1,40E+13;INSTITUTO DE REHABILITACION PSICOFISICA (I.R.E.P.);2019;clinica_medica;clinica_medica;Clínica Médica;1339
1,40E+13;INSTITUTO DE REHABILITACION PSICOFISICA (I.R.E.P.);2019;clinica_medica;cardiologia;Cardiología;691
1,40E+13;INSTITUTO DE REHABILITACION PSICOFISICA (I.R.E.P.);2019;clinica_medica;infectologia;Infectología;454
1,40E+13;INSTITUTO DE REHABILITACION PSICOFISICA (I.R.E.P.);2019;clinica_medica;neumonologi;Neumonología;492
1,40E+13;INSTITUTO DE REHABILITACION PSICOFISICA (I.R.E.P.);2019;clinica_medica;neurologia;Neurología;370
1,40E+13;INSTITUTO DE REHABILITACION PSICOFISICA (I.R.E.P.);2019;clinica_medica;oftalmologia;Oftalmología;909
1,40E+13;INSTITUTO DE REHABILITACION PSICOFISICA (I.R.E.P.);2019;clinica_medica;pediatria;Pediatría;326
1,40E+13;INSTITUTO DE REHABILITACION PSICOFISICA (I.R.E.P.);2019;clinica_medica;psiquiatria;Psiquiatría;483
1,40E+13;INSTITUTO DE REHABILITACION PSICOFISICA (I.R.E.P.);2019;clinica_medica;reumatologia;Reumatología;6496
1,40E+13;INSTITUTO DE REHABILITACION PSICOFISICA (I.R.E.P.);2019;fisiatria;acupuntura;Fisiatría;902
1,40E+13;INSTITUTO DE REHABILITACION PSICOFISICA (I.R.E.P.);2019;fisiatria;dolor;Fisiatría;1236
1,40E+13;INSTITUTO DE REHABILITACION PSICOFISICA (I.R.E.P.);2019;fisiatria;fisiatria_general;Fisiatría;2264
1,40E+13;INSTITUTO DE REHABILITACION PSICOFISICA (I.R.E.P.);2019;fisiatria;hemiplejia;Fisiatría;1178
1,40E+13;INSTITUTO DE REHABILITACION PSICOFISICA (I.R.E.P.);2019;fisiatria;lesion_medular;Fisiatría;863
1,40E+13;INSTITUTO DE REHABILITACION PSICOFISICA (I.R.E.P.);2019;fisiatria;osteoarticular_amp_pd_ort;Fisiatría;1307
1,40E+13;INSTITUTO DE REHABILITACION PSICOFISICA (I.R.E.P.);2019;fisiatria;neurologicos_pc_tec;Fisiatría;860
1,40E+13;INSTITUTO DE REHABILITACION PSICOFISICA (I.R.E.P.);2019;fisiatria;neuromuscular;Fisiatría;531
1,40E+13;INSTITUTO DE REHABILITACION PSICOFISICA (I.R.E.P.);2019;cirugia;ortopedia;Ortopedia y Traumatología;248
1,40E+13;INSTITUTO DE REHABILITACION PSICOFISICA (I.R.E.P.);2019;cirugia;plastica;Cirugía Plástica;749
1,40E+13;INSTITUTO DE REHABILITACION PSICOFISICA (I.R.E.P.);2019;cirugia;urologia;Urología;440
1,40E+13;INSTITUTO DE REHABILITACION PSICOFISICA (I.R.E.P.);2019;guardia_medica;guardia_medica;Guardia;2486
